cl : 命令行  warning D9025: 正在重写“/MTd”(用“/MDd”)
  Application.cpp
C:\Users\LLY\Documents\VSProject\KEngine\KEngine\src\Events\Event.h(1,1): warning C4828: 文件包含在偏移 0x46 处开始的字符，该字符在当前源字符集中无效(代码页 65001)。
  (编译源文件“/src/Application.cpp”)
  
C:\Users\LLY\Documents\VSProject\KEngine\KEngine\src\Events\Event.h(1,1): warning C4828: 文件包含在偏移 0x48 处开始的字符，该字符在当前源字符集中无效(代码页 65001)。
  (编译源文件“/src/Application.cpp”)
  
C:\Users\LLY\Documents\VSProject\KEngine\KEngine\src\Events\Event.h(1,1): warning C4828: 文件包含在偏移 0x49 处开始的字符，该字符在当前源字符集中无效(代码页 65001)。
  (编译源文件“/src/Application.cpp”)
  
C:\Users\LLY\Documents\VSProject\KEngine\KEngine\src\Events\Event.h(1,1): warning C4828: 文件包含在偏移 0x4c 处开始的字符，该字符在当前源字符集中无效(代码页 65001)。
  (编译源文件“/src/Application.cpp”)
  
C:\Users\LLY\Documents\VSProject\KEngine\KEngine\src\Events\Event.h(1,1): warning C4828: 文件包含在偏移 0x4d 处开始的字符，该字符在当前源字符集中无效(代码页 65001)。
  (编译源文件“/src/Application.cpp”)
  
C:\Users\LLY\Documents\VSProject\KEngine\KEngine\src\Events\Event.h(1,1): warning C4828: 文件包含在偏移 0x4e 处开始的字符，该字符在当前源字符集中无效(代码页 65001)。
  (编译源文件“/src/Application.cpp”)
  
C:\Users\LLY\Documents\VSProject\KEngine\KEngine\src\Events\Event.h(1,1): warning C4828: 文件包含在偏移 0x50 处开始的字符，该字符在当前源字符集中无效(代码页 65001)。
  (编译源文件“/src/Application.cpp”)
  
C:\Users\LLY\Documents\VSProject\KEngine\KEngine\src\Events\Event.h(1,1): warning C4828: 文件包含在偏移 0x51 处开始的字符，该字符在当前源字符集中无效(代码页 65001)。
  (编译源文件“/src/Application.cpp”)
  
C:\Users\LLY\Documents\VSProject\KEngine\KEngine\src\Events\Event.h(1,1): warning C4828: 文件包含在偏移 0x53 处开始的字符，该字符在当前源字符集中无效(代码页 65001)。
  (编译源文件“/src/Application.cpp”)
  
C:\Users\LLY\Documents\VSProject\KEngine\KEngine\src\Events\Event.h(1,1): warning C4828: 文件包含在偏移 0x54 处开始的字符，该字符在当前源字符集中无效(代码页 65001)。
  (编译源文件“/src/Application.cpp”)
  
C:\Users\LLY\Documents\VSProject\KEngine\KEngine\src\Events\Event.h(1,1): warning C4828: 文件包含在偏移 0x55 处开始的字符，该字符在当前源字符集中无效(代码页 65001)。
  (编译源文件“/src/Application.cpp”)
  
C:\Users\LLY\Documents\VSProject\KEngine\KEngine\src\Events\Event.h(1,1): warning C4828: 文件包含在偏移 0x56 处开始的字符，该字符在当前源字符集中无效(代码页 65001)。
  (编译源文件“/src/Application.cpp”)
  
C:\Users\LLY\Documents\VSProject\KEngine\KEngine\src\Events\Event.h(1,1): warning C4828: 文件包含在偏移 0x59 处开始的字符，该字符在当前源字符集中无效(代码页 65001)。
  (编译源文件“/src/Application.cpp”)
  
C:\Users\LLY\Documents\VSProject\KEngine\KEngine\src\Events\Event.h(1,1): warning C4828: 文件包含在偏移 0x5d 处开始的字符，该字符在当前源字符集中无效(代码页 65001)。
  (编译源文件“/src/Application.cpp”)
  
C:\Users\LLY\Documents\VSProject\KEngine\KEngine\src\Events\Event.h(1,1): warning C4828: 文件包含在偏移 0x5e 处开始的字符，该字符在当前源字符集中无效(代码页 65001)。
  (编译源文件“/src/Application.cpp”)
  
C:\Users\LLY\Documents\VSProject\KEngine\KEngine\src\Events\Event.h(1,1): warning C4828: 文件包含在偏移 0x5f 处开始的字符，该字符在当前源字符集中无效(代码页 65001)。
  (编译源文件“/src/Application.cpp”)
  
C:\Users\LLY\Documents\VSProject\KEngine\KEngine\src\Events\Event.h(1,1): warning C4828: 文件包含在偏移 0x61 处开始的字符，该字符在当前源字符集中无效(代码页 65001)。
  (编译源文件“/src/Application.cpp”)
  
C:\Users\LLY\Documents\VSProject\KEngine\KEngine\src\Events\Event.h(1,1): warning C4828: 文件包含在偏移 0x3b8 处开始的字符，该字符在当前源字符集中无效(代码页 65001)。
  (编译源文件“/src/Application.cpp”)
  
C:\Users\LLY\Documents\VSProject\KEngine\KEngine\src\Events\Event.h(1,1): warning C4828: 文件包含在偏移 0x3ba 处开始的字符，该字符在当前源字符集中无效(代码页 65001)。
  (编译源文件“/src/Application.cpp”)
  
C:\Users\LLY\Documents\VSProject\KEngine\KEngine\src\Events\Event.h(1,1): warning C4828: 文件包含在偏移 0x3bb 处开始的字符，该字符在当前源字符集中无效(代码页 65001)。
  (编译源文件“/src/Application.cpp”)
  
C:\Users\LLY\Documents\VSProject\KEngine\KEngine\src\Events\Event.h(1,1): warning C4828: 文件包含在偏移 0x3c0 处开始的字符，该字符在当前源字符集中无效(代码页 65001)。
  (编译源文件“/src/Application.cpp”)
  
C:\Users\LLY\Documents\VSProject\KEngine\KEngine\src\Events\Event.h(1,1): warning C4828: 文件包含在偏移 0x3c1 处开始的字符，该字符在当前源字符集中无效(代码页 65001)。
  (编译源文件“/src/Application.cpp”)
  
C:\Users\LLY\Documents\VSProject\KEngine\KEngine\src\Events\Event.h(1,1): warning C4828: 文件包含在偏移 0x3c2 处开始的字符，该字符在当前源字符集中无效(代码页 65001)。
  (编译源文件“/src/Application.cpp”)
  
C:\Users\LLY\Documents\VSProject\KEngine\KEngine\src\Events\Event.h(1,1): warning C4828: 文件包含在偏移 0x3c6 处开始的字符，该字符在当前源字符集中无效(代码页 65001)。
  (编译源文件“/src/Application.cpp”)
  
C:\Users\LLY\Documents\VSProject\KEngine\KEngine\src\Events\Event.h(1,1): warning C4828: 文件包含在偏移 0x3ca 处开始的字符，该字符在当前源字符集中无效(代码页 65001)。
  (编译源文件“/src/Application.cpp”)
  
C:\Users\LLY\Documents\VSProject\KEngine\KEngine\src\Events\Event.h(1,1): warning C4828: 文件包含在偏移 0x3ce 处开始的字符，该字符在当前源字符集中无效(代码页 65001)。
  (编译源文件“/src/Application.cpp”)
  
C:\Users\LLY\Documents\VSProject\KEngine\KEngine\src\Events\Event.h(1,1): warning C4828: 文件包含在偏移 0x3d0 处开始的字符，该字符在当前源字符集中无效(代码页 65001)。
  (编译源文件“/src/Application.cpp”)
  
C:\Users\LLY\Documents\VSProject\KEngine\KEngine\src\Events\Event.h(1,1): warning C4828: 文件包含在偏移 0x3d1 处开始的字符，该字符在当前源字符集中无效(代码页 65001)。
  (编译源文件“/src/Application.cpp”)
  
C:\Users\LLY\Documents\VSProject\KEngine\KEngine\src\Events\Event.h(1,1): warning C4828: 文件包含在偏移 0x3d2 处开始的字符，该字符在当前源字符集中无效(代码页 65001)。
  (编译源文件“/src/Application.cpp”)
  
C:\Users\LLY\Documents\VSProject\KEngine\KEngine\src\Events\Event.h(1,1): warning C4828: 文件包含在偏移 0x3d3 处开始的字符，该字符在当前源字符集中无效(代码页 65001)。
  (编译源文件“/src/Application.cpp”)
  
C:\Users\LLY\Documents\VSProject\KEngine\KEngine\src\Events\Event.h(1,1): warning C4828: 文件包含在偏移 0x3d5 处开始的字符，该字符在当前源字符集中无效(代码页 65001)。
  (编译源文件“/src/Application.cpp”)
  
C:\Users\LLY\Documents\VSProject\KEngine\KEngine\src\Events\Event.h(1,1): warning C4828: 文件包含在偏移 0x3d7 处开始的字符，该字符在当前源字符集中无效(代码页 65001)。
  (编译源文件“/src/Application.cpp”)
  
C:\Users\LLY\Documents\VSProject\KEngine\KEngine\src\Events\Event.h(1,1): warning C4828: 文件包含在偏移 0x3db 处开始的字符，该字符在当前源字符集中无效(代码页 65001)。
  (编译源文件“/src/Application.cpp”)
  
C:\Users\LLY\Documents\VSProject\KEngine\KEngine\src\Events\Event.h(1,1): warning C4828: 文件包含在偏移 0x3de 处开始的字符，该字符在当前源字符集中无效(代码页 65001)。
  (编译源文件“/src/Application.cpp”)
  
C:\Users\LLY\Documents\VSProject\KEngine\KEngine\src\Events\Event.h(1,1): warning C4828: 文件包含在偏移 0x3df 处开始的字符，该字符在当前源字符集中无效(代码页 65001)。
  (编译源文件“/src/Application.cpp”)
  
C:\Users\LLY\Documents\VSProject\KEngine\KEngine\src\Events\Event.h(1,1): warning C4828: 文件包含在偏移 0x450 处开始的字符，该字符在当前源字符集中无效(代码页 65001)。
  (编译源文件“/src/Application.cpp”)
  
C:\Users\LLY\Documents\VSProject\KEngine\KEngine\src\Events\Event.h(1,1): warning C4828: 文件包含在偏移 0x452 处开始的字符，该字符在当前源字符集中无效(代码页 65001)。
  (编译源文件“/src/Application.cpp”)
  
C:\Users\LLY\Documents\VSProject\KEngine\KEngine\src\Events\Event.h(1,1): warning C4828: 文件包含在偏移 0x453 处开始的字符，该字符在当前源字符集中无效(代码页 65001)。
  (编译源文件“/src/Application.cpp”)
  
C:\Users\LLY\Documents\VSProject\KEngine\KEngine\src\Events\Event.h(1,1): warning C4828: 文件包含在偏移 0x454 处开始的字符，该字符在当前源字符集中无效(代码页 65001)。
  (编译源文件“/src/Application.cpp”)
  
C:\Users\LLY\Documents\VSProject\KEngine\KEngine\src\Events\Event.h(1,1): warning C4828: 文件包含在偏移 0x456 处开始的字符，该字符在当前源字符集中无效(代码页 65001)。
  (编译源文件“/src/Application.cpp”)
  
C:\Users\LLY\Documents\VSProject\KEngine\KEngine\src\Events\Event.h(1,1): warning C4828: 文件包含在偏移 0x45b 处开始的字符，该字符在当前源字符集中无效(代码页 65001)。
  (编译源文件“/src/Application.cpp”)
  
C:\Users\LLY\Documents\VSProject\KEngine\KEngine\src\Events\Event.h(1,1): warning C4828: 文件包含在偏移 0x45c 处开始的字符，该字符在当前源字符集中无效(代码页 65001)。
  (编译源文件“/src/Application.cpp”)
  
C:\Users\LLY\Documents\VSProject\KEngine\KEngine\src\Events\Event.h(1,1): warning C4828: 文件包含在偏移 0x45d 处开始的字符，该字符在当前源字符集中无效(代码页 65001)。
  (编译源文件“/src/Application.cpp”)
  
C:\Users\LLY\Documents\VSProject\KEngine\KEngine\src\Events\Event.h(1,1): warning C4828: 文件包含在偏移 0x490 处开始的字符，该字符在当前源字符集中无效(代码页 65001)。
  (编译源文件“/src/Application.cpp”)
  
C:\Users\LLY\Documents\VSProject\KEngine\KEngine\src\Events\Event.h(1,1): warning C4828: 文件包含在偏移 0x492 处开始的字符，该字符在当前源字符集中无效(代码页 65001)。
  (编译源文件“/src/Application.cpp”)
  
C:\Users\LLY\Documents\VSProject\KEngine\KEngine\src\Events\Event.h(1,1): warning C4828: 文件包含在偏移 0x493 处开始的字符，该字符在当前源字符集中无效(代码页 65001)。
  (编译源文件“/src/Application.cpp”)
  
C:\Users\LLY\Documents\VSProject\KEngine\KEngine\src\Events\Event.h(1,1): warning C4828: 文件包含在偏移 0x498 处开始的字符，该字符在当前源字符集中无效(代码页 65001)。
  (编译源文件“/src/Application.cpp”)
  
C:\Users\LLY\Documents\VSProject\KEngine\KEngine\src\Events\Event.h(1,1): warning C4828: 文件包含在偏移 0x49b 处开始的字符，该字符在当前源字符集中无效(代码页 65001)。
  (编译源文件“/src/Application.cpp”)
  
C:\Users\LLY\Documents\VSProject\KEngine\KEngine\src\Events\Event.h(1,1): warning C4828: 文件包含在偏移 0x49c 处开始的字符，该字符在当前源字符集中无效(代码页 65001)。
  (编译源文件“/src/Application.cpp”)
  
C:\Users\LLY\Documents\VSProject\KEngine\KEngine\src\Events\Event.h(1,1): warning C4828: 文件包含在偏移 0x49e 处开始的字符，该字符在当前源字符集中无效(代码页 65001)。
  (编译源文件“/src/Application.cpp”)
  
C:\Users\LLY\Documents\VSProject\KEngine\KEngine\src\Events\Event.h(1,1): warning C4828: 文件包含在偏移 0x49f 处开始的字符，该字符在当前源字符集中无效(代码页 65001)。
  (编译源文件“/src/Application.cpp”)
  
C:\Users\LLY\Documents\VSProject\KEngine\KEngine\src\Events\Event.h(1,1): warning C4828: 文件包含在偏移 0x4a2 处开始的字符，该字符在当前源字符集中无效(代码页 65001)。
  (编译源文件“/src/Application.cpp”)
  
C:\Users\LLY\Documents\VSProject\KEngine\KEngine\src\Events\Event.h(1,1): warning C4828: 文件包含在偏移 0x4a3 处开始的字符，该字符在当前源字符集中无效(代码页 65001)。
  (编译源文件“/src/Application.cpp”)
  
C:\Users\LLY\Documents\VSProject\KEngine\KEngine\src\Events\Event.h(1,1): warning C4828: 文件包含在偏移 0x4a6 处开始的字符，该字符在当前源字符集中无效(代码页 65001)。
  (编译源文件“/src/Application.cpp”)
  
C:\Users\LLY\Documents\VSProject\KEngine\KEngine\src\Events\Event.h(1,1): warning C4828: 文件包含在偏移 0x4a8 处开始的字符，该字符在当前源字符集中无效(代码页 65001)。
  (编译源文件“/src/Application.cpp”)
  
C:\Users\LLY\Documents\VSProject\KEngine\KEngine\src\Events\Event.h(1,1): warning C4828: 文件包含在偏移 0x4aa 处开始的字符，该字符在当前源字符集中无效(代码页 65001)。
  (编译源文件“/src/Application.cpp”)
  
C:\Users\LLY\Documents\VSProject\KEngine\KEngine\src\Events\Event.h(1,1): warning C4828: 文件包含在偏移 0x4ab 处开始的字符，该字符在当前源字符集中无效(代码页 65001)。
  (编译源文件“/src/Application.cpp”)
  
C:\Users\LLY\Documents\VSProject\KEngine\KEngine\src\Events\Event.h(1,1): warning C4828: 文件包含在偏移 0x4ac 处开始的字符，该字符在当前源字符集中无效(代码页 65001)。
  (编译源文件“/src/Application.cpp”)
  
C:\Users\LLY\Documents\VSProject\KEngine\KEngine\src\Events\Event.h(1,1): warning C4828: 文件包含在偏移 0x4ad 处开始的字符，该字符在当前源字符集中无效(代码页 65001)。
  (编译源文件“/src/Application.cpp”)
  
C:\Users\LLY\Documents\VSProject\KEngine\KEngine\src\Events\Event.h(1,1): warning C4828: 文件包含在偏移 0x4b1 处开始的字符，该字符在当前源字符集中无效(代码页 65001)。
  (编译源文件“/src/Application.cpp”)
  
C:\Users\LLY\Documents\VSProject\KEngine\KEngine\src\Events\Event.h(1,1): warning C4828: 文件包含在偏移 0x54a 处开始的字符，该字符在当前源字符集中无效(代码页 65001)。
  (编译源文件“/src/Application.cpp”)
  
C:\Users\LLY\Documents\VSProject\KEngine\KEngine\src\Events\Event.h(1,1): warning C4828: 文件包含在偏移 0x54c 处开始的字符，该字符在当前源字符集中无效(代码页 65001)。
  (编译源文件“/src/Application.cpp”)
  
C:\Users\LLY\Documents\VSProject\KEngine\KEngine\src\Events\Event.h(1,1): warning C4828: 文件包含在偏移 0x54d 处开始的字符，该字符在当前源字符集中无效(代码页 65001)。
  (编译源文件“/src/Application.cpp”)
  
C:\Users\LLY\Documents\VSProject\KEngine\KEngine\src\Events\Event.h(1,1): warning C4828: 文件包含在偏移 0x556 处开始的字符，该字符在当前源字符集中无效(代码页 65001)。
  (编译源文件“/src/Application.cpp”)
  
C:\Users\LLY\Documents\VSProject\KEngine\KEngine\src\Events\Event.h(1,1): warning C4828: 文件包含在偏移 0x558 处开始的字符，该字符在当前源字符集中无效(代码页 65001)。
  (编译源文件“/src/Application.cpp”)
  
C:\Users\LLY\Documents\VSProject\KEngine\KEngine\src\Events\Event.h(1,1): warning C4828: 文件包含在偏移 0x55a 处开始的字符，该字符在当前源字符集中无效(代码页 65001)。
  (编译源文件“/src/Application.cpp”)
  
C:\Users\LLY\Documents\VSProject\KEngine\KEngine\src\Events\Event.h(1,1): warning C4828: 文件包含在偏移 0x55c 处开始的字符，该字符在当前源字符集中无效(代码页 65001)。
  (编译源文件“/src/Application.cpp”)
  
C:\Users\LLY\Documents\VSProject\KEngine\KEngine\src\Events\Event.h(1,1): warning C4828: 文件包含在偏移 0x55d 处开始的字符，该字符在当前源字符集中无效(代码页 65001)。
  (编译源文件“/src/Application.cpp”)
  
C:\Users\LLY\Documents\VSProject\KEngine\KEngine\src\Events\Event.h(1,1): warning C4828: 文件包含在偏移 0x6e0 处开始的字符，该字符在当前源字符集中无效(代码页 65001)。
  (编译源文件“/src/Application.cpp”)
  
C:\Users\LLY\Documents\VSProject\KEngine\KEngine\src\Events\Event.h(1,1): warning C4828: 文件包含在偏移 0x6e2 处开始的字符，该字符在当前源字符集中无效(代码页 65001)。
  (编译源文件“/src/Application.cpp”)
  
C:\Users\LLY\Documents\VSProject\KEngine\KEngine\src\Events\Event.h(1,1): warning C4828: 文件包含在偏移 0x6e3 处开始的字符，该字符在当前源字符集中无效(代码页 65001)。
  (编译源文件“/src/Application.cpp”)
  
C:\Users\LLY\Documents\VSProject\KEngine\KEngine\src\Events\Event.h(1,1): warning C4828: 文件包含在偏移 0x6ea 处开始的字符，该字符在当前源字符集中无效(代码页 65001)。
  (编译源文件“/src/Application.cpp”)
  
C:\Users\LLY\Documents\VSProject\KEngine\KEngine\src\Events\Event.h(1,1): warning C4828: 文件包含在偏移 0x6eb 处开始的字符，该字符在当前源字符集中无效(代码页 65001)。
  (编译源文件“/src/Application.cpp”)
  
C:\Users\LLY\Documents\VSProject\KEngine\KEngine\src\Events\Event.h(1,1): warning C4828: 文件包含在偏移 0x6ee 处开始的字符，该字符在当前源字符集中无效(代码页 65001)。
  (编译源文件“/src/Application.cpp”)
  
C:\Users\LLY\Documents\VSProject\KEngine\KEngine\src\Events\Event.h(1,1): warning C4828: 文件包含在偏移 0x6f0 处开始的字符，该字符在当前源字符集中无效(代码页 65001)。
  (编译源文件“/src/Application.cpp”)
  
C:\Users\LLY\Documents\VSProject\KEngine\KEngine\src\Events\Event.h(1,1): warning C4828: 文件包含在偏移 0x6f1 处开始的字符，该字符在当前源字符集中无效(代码页 65001)。
  (编译源文件“/src/Application.cpp”)
  
C:\Users\LLY\Documents\VSProject\KEngine\KEngine\src\Events\Event.h(1,1): warning C4828: 文件包含在偏移 0x6f6 处开始的字符，该字符在当前源字符集中无效(代码页 65001)。
  (编译源文件“/src/Application.cpp”)
  
C:\Users\LLY\Documents\VSProject\KEngine\KEngine\src\Events\Event.h(1,1): warning C4828: 文件包含在偏移 0x6f7 处开始的字符，该字符在当前源字符集中无效(代码页 65001)。
  (编译源文件“/src/Application.cpp”)
  
C:\Users\LLY\Documents\VSProject\KEngine\KEngine\src\Events\Event.h(1,1): warning C4828: 文件包含在偏移 0x6f8 处开始的字符，该字符在当前源字符集中无效(代码页 65001)。
  (编译源文件“/src/Application.cpp”)
  
C:\Users\LLY\Documents\VSProject\KEngine\KEngine\src\Events\Event.h(1,1): warning C4828: 文件包含在偏移 0x6fa 处开始的字符，该字符在当前源字符集中无效(代码页 65001)。
  (编译源文件“/src/Application.cpp”)
  
C:\Users\LLY\Documents\VSProject\KEngine\KEngine\src\Events\Event.h(1,1): warning C4828: 文件包含在偏移 0x6fc 处开始的字符，该字符在当前源字符集中无效(代码页 65001)。
  (编译源文件“/src/Application.cpp”)
  
C:\Users\LLY\Documents\VSProject\KEngine\KEngine\src\Events\Event.h(1,1): warning C4828: 文件包含在偏移 0x6fd 处开始的字符，该字符在当前源字符集中无效(代码页 65001)。
  (编译源文件“/src/Application.cpp”)
  
C:\Users\LLY\Documents\VSProject\KEngine\KEngine\src\Events\Event.h(1,1): warning C4828: 文件包含在偏移 0x6fe 处开始的字符，该字符在当前源字符集中无效(代码页 65001)。
  (编译源文件“/src/Application.cpp”)
  
C:\Users\LLY\Documents\VSProject\KEngine\KEngine\src\Events\Event.h(1,1): warning C4828: 文件包含在偏移 0x700 处开始的字符，该字符在当前源字符集中无效(代码页 65001)。
  (编译源文件“/src/Application.cpp”)
  
C:\Users\LLY\Documents\VSProject\KEngine\KEngine\src\Events\Event.h(1,1): warning C4828: 文件包含在偏移 0x703 处开始的字符，该字符在当前源字符集中无效(代码页 65001)。
  (编译源文件“/src/Application.cpp”)
  
C:\Users\LLY\Documents\VSProject\KEngine\KEngine\src\Events\Event.h(1,1): warning C4828: 文件包含在偏移 0x707 处开始的字符，该字符在当前源字符集中无效(代码页 65001)。
  (编译源文件“/src/Application.cpp”)
  
C:\Users\LLY\Documents\VSProject\KEngine\KEngine\src\Events\Event.h(1,1): warning C4828: 文件包含在偏移 0x708 处开始的字符，该字符在当前源字符集中无效(代码页 65001)。
  (编译源文件“/src/Application.cpp”)
  
C:\Users\LLY\Documents\VSProject\KEngine\KEngine\src\Events\Event.h(1,1): warning C4828: 文件包含在偏移 0x709 处开始的字符，该字符在当前源字符集中无效(代码页 65001)。
  (编译源文件“/src/Application.cpp”)
  
C:\Users\LLY\Documents\VSProject\KEngine\KEngine\src\Events\Event.h(1,1): warning C4828: 文件包含在偏移 0x769 处开始的字符，该字符在当前源字符集中无效(代码页 65001)。
  (编译源文件“/src/Application.cpp”)
  
C:\Users\LLY\Documents\VSProject\KEngine\KEngine\src\Events\Event.h(1,1): warning C4828: 文件包含在偏移 0x76b 处开始的字符，该字符在当前源字符集中无效(代码页 65001)。
  (编译源文件“/src/Application.cpp”)
  
C:\Users\LLY\Documents\VSProject\KEngine\KEngine\src\Events\Event.h(1,1): warning C4828: 文件包含在偏移 0x76c 处开始的字符，该字符在当前源字符集中无效(代码页 65001)。
  (编译源文件“/src/Application.cpp”)
  
C:\Users\LLY\Documents\VSProject\KEngine\KEngine\src\Events\Event.h(1,1): warning C4828: 文件包含在偏移 0x76f 处开始的字符，该字符在当前源字符集中无效(代码页 65001)。
  (编译源文件“/src/Application.cpp”)
  
C:\Users\LLY\Documents\VSProject\KEngine\KEngine\src\Events\Event.h(1,1): warning C4828: 文件包含在偏移 0x773 处开始的字符，该字符在当前源字符集中无效(代码页 65001)。
  (编译源文件“/src/Application.cpp”)
  
C:\Users\LLY\Documents\VSProject\KEngine\KEngine\src\Events\Event.h(1,1): warning C4828: 文件包含在偏移 0x774 处开始的字符，该字符在当前源字符集中无效(代码页 65001)。
  (编译源文件“/src/Application.cpp”)
  
C:\Users\LLY\Documents\VSProject\KEngine\KEngine\src\Events\Event.h(1,1): warning C4828: 文件包含在偏移 0x778 处开始的字符，该字符在当前源字符集中无效(代码页 65001)。
  (编译源文件“/src/Application.cpp”)
  
C:\Users\LLY\Documents\VSProject\KEngine\KEngine\src\Layer.h(24,15): warning C4251: “KEngine::Layer::m_DebugName”:“std::basic_string<char,std::char_traits<char>,std::allocator<char>>”需要有 dll 接口以供“KEngine::Layer”的客户端使用
  (编译源文件“/src/Application.cpp”)
      C:\Program Files\Microsoft Visual Studio\2022\Community\VC\Tools\MSVC\14.44.35207\include\xstring(541,7):
      参见“std::basic_string<char,std::char_traits<char>,std::allocator<char>>”的声明
  
C:\Users\LLY\Documents\VSProject\KEngine\KEngine\src\LayerStack.h(22,23): warning C4251: “KEngine::LayerStack::m_Layers”:“std::vector<KEngine::Layer *,std::allocator<KEngine::Layer *>>”需要有 dll 接口以供“KEngine::LayerStack”的客户端使用
  (编译源文件“/src/Application.cpp”)
      C:\Program Files\Microsoft Visual Studio\2022\Community\VC\Tools\MSVC\14.44.35207\include\vector(442,7):
      参见“std::vector<KEngine::Layer *,std::allocator<KEngine::Layer *>>”的声明
  
C:\Users\LLY\Documents\VSProject\KEngine\KEngine\src\Log.h(13,42): warning C4251: “KEngine::Log::s_CoreLogger”:“std::shared_ptr<spdlog::logger>”需要有 dll 接口以供“KEngine::Log”的客户端使用
  (编译源文件“/src/Application.cpp”)
      C:\Program Files\Microsoft Visual Studio\2022\Community\VC\Tools\MSVC\14.44.35207\include\memory(1565,7):
      参见“std::shared_ptr<spdlog::logger>”的声明
  
C:\Users\LLY\Documents\VSProject\KEngine\KEngine\src\Log.h(14,42): warning C4251: “KEngine::Log::s_ClientLogger”:“std::shared_ptr<spdlog::logger>”需要有 dll 接口以供“KEngine::Log”的客户端使用
  (编译源文件“/src/Application.cpp”)
      C:\Program Files\Microsoft Visual Studio\2022\Community\VC\Tools\MSVC\14.44.35207\include\memory(1565,7):
      参见“std::shared_ptr<spdlog::logger>”的声明
  
C:\Users\LLY\Documents\VSProject\KEngine\KEngine\src\Application.h(20,27): warning C4251: “KEngine::Application::m_Window”:“std::unique_ptr<KEngine::Window,std::default_delete<KEngine::Window>>”需要有 dll 接口以供“KEngine::Application”的客户端使用
  (编译源文件“/src/Application.cpp”)
      C:\Program Files\Microsoft Visual Studio\2022\Community\VC\Tools\MSVC\14.44.35207\include\memory(3347,7):
      参见“std::unique_ptr<KEngine::Window,std::default_delete<KEngine::Window>>”的声明
  
C:\Users\LLY\Documents\VSProject\KEngine\KEngine\src\Application.h(47,29): warning C4251: “KEngine::Application::timeStep”:“std::unique_ptr<KEngine::TimeStep,std::default_delete<KEngine::TimeStep>>”需要有 dll 接口以供“KEngine::Application”的客户端使用
  (编译源文件“/src/Application.cpp”)
      C:\Program Files\Microsoft Visual Studio\2022\Community\VC\Tools\MSVC\14.44.35207\include\memory(3347,7):
      参见“std::unique_ptr<KEngine::TimeStep,std::default_delete<KEngine::TimeStep>>”的声明
  
  ImGuiLayer.cpp
C:\Users\LLY\Documents\VSProject\KEngine\KEngine\src\Events\Event.h(1,1): warning C4828: 文件包含在偏移 0x46 处开始的字符，该字符在当前源字符集中无效(代码页 65001)。
  (编译源文件“/src/ImGui/ImGuiLayer.cpp”)
  
C:\Users\LLY\Documents\VSProject\KEngine\KEngine\src\Events\Event.h(1,1): warning C4828: 文件包含在偏移 0x48 处开始的字符，该字符在当前源字符集中无效(代码页 65001)。
  (编译源文件“/src/ImGui/ImGuiLayer.cpp”)
  
C:\Users\LLY\Documents\VSProject\KEngine\KEngine\src\Events\Event.h(1,1): warning C4828: 文件包含在偏移 0x49 处开始的字符，该字符在当前源字符集中无效(代码页 65001)。
  (编译源文件“/src/ImGui/ImGuiLayer.cpp”)
  
C:\Users\LLY\Documents\VSProject\KEngine\KEngine\src\Events\Event.h(1,1): warning C4828: 文件包含在偏移 0x4c 处开始的字符，该字符在当前源字符集中无效(代码页 65001)。
  (编译源文件“/src/ImGui/ImGuiLayer.cpp”)
  
C:\Users\LLY\Documents\VSProject\KEngine\KEngine\src\Events\Event.h(1,1): warning C4828: 文件包含在偏移 0x4d 处开始的字符，该字符在当前源字符集中无效(代码页 65001)。
  (编译源文件“/src/ImGui/ImGuiLayer.cpp”)
  
C:\Users\LLY\Documents\VSProject\KEngine\KEngine\src\Events\Event.h(1,1): warning C4828: 文件包含在偏移 0x4e 处开始的字符，该字符在当前源字符集中无效(代码页 65001)。
  (编译源文件“/src/ImGui/ImGuiLayer.cpp”)
  
C:\Users\LLY\Documents\VSProject\KEngine\KEngine\src\Events\Event.h(1,1): warning C4828: 文件包含在偏移 0x50 处开始的字符，该字符在当前源字符集中无效(代码页 65001)。
  (编译源文件“/src/ImGui/ImGuiLayer.cpp”)
  
C:\Users\LLY\Documents\VSProject\KEngine\KEngine\src\Events\Event.h(1,1): warning C4828: 文件包含在偏移 0x51 处开始的字符，该字符在当前源字符集中无效(代码页 65001)。
  (编译源文件“/src/ImGui/ImGuiLayer.cpp”)
  
C:\Users\LLY\Documents\VSProject\KEngine\KEngine\src\Events\Event.h(1,1): warning C4828: 文件包含在偏移 0x53 处开始的字符，该字符在当前源字符集中无效(代码页 65001)。
  (编译源文件“/src/ImGui/ImGuiLayer.cpp”)
  
C:\Users\LLY\Documents\VSProject\KEngine\KEngine\src\Events\Event.h(1,1): warning C4828: 文件包含在偏移 0x54 处开始的字符，该字符在当前源字符集中无效(代码页 65001)。
  (编译源文件“/src/ImGui/ImGuiLayer.cpp”)
  
C:\Users\LLY\Documents\VSProject\KEngine\KEngine\src\Events\Event.h(1,1): warning C4828: 文件包含在偏移 0x55 处开始的字符，该字符在当前源字符集中无效(代码页 65001)。
  (编译源文件“/src/ImGui/ImGuiLayer.cpp”)
  
C:\Users\LLY\Documents\VSProject\KEngine\KEngine\src\Events\Event.h(1,1): warning C4828: 文件包含在偏移 0x56 处开始的字符，该字符在当前源字符集中无效(代码页 65001)。
  (编译源文件“/src/ImGui/ImGuiLayer.cpp”)
  
C:\Users\LLY\Documents\VSProject\KEngine\KEngine\src\Events\Event.h(1,1): warning C4828: 文件包含在偏移 0x59 处开始的字符，该字符在当前源字符集中无效(代码页 65001)。
  (编译源文件“/src/ImGui/ImGuiLayer.cpp”)
  
C:\Users\LLY\Documents\VSProject\KEngine\KEngine\src\Events\Event.h(1,1): warning C4828: 文件包含在偏移 0x5d 处开始的字符，该字符在当前源字符集中无效(代码页 65001)。
  (编译源文件“/src/ImGui/ImGuiLayer.cpp”)
  
C:\Users\LLY\Documents\VSProject\KEngine\KEngine\src\Events\Event.h(1,1): warning C4828: 文件包含在偏移 0x5e 处开始的字符，该字符在当前源字符集中无效(代码页 65001)。
  (编译源文件“/src/ImGui/ImGuiLayer.cpp”)
  
C:\Users\LLY\Documents\VSProject\KEngine\KEngine\src\Events\Event.h(1,1): warning C4828: 文件包含在偏移 0x5f 处开始的字符，该字符在当前源字符集中无效(代码页 65001)。
  (编译源文件“/src/ImGui/ImGuiLayer.cpp”)
  
C:\Users\LLY\Documents\VSProject\KEngine\KEngine\src\Events\Event.h(1,1): warning C4828: 文件包含在偏移 0x61 处开始的字符，该字符在当前源字符集中无效(代码页 65001)。
  (编译源文件“/src/ImGui/ImGuiLayer.cpp”)
  
C:\Users\LLY\Documents\VSProject\KEngine\KEngine\src\Events\Event.h(1,1): warning C4828: 文件包含在偏移 0x3b8 处开始的字符，该字符在当前源字符集中无效(代码页 65001)。
  (编译源文件“/src/ImGui/ImGuiLayer.cpp”)
  
C:\Users\LLY\Documents\VSProject\KEngine\KEngine\src\Events\Event.h(1,1): warning C4828: 文件包含在偏移 0x3ba 处开始的字符，该字符在当前源字符集中无效(代码页 65001)。
  (编译源文件“/src/ImGui/ImGuiLayer.cpp”)
  
C:\Users\LLY\Documents\VSProject\KEngine\KEngine\src\Events\Event.h(1,1): warning C4828: 文件包含在偏移 0x3bb 处开始的字符，该字符在当前源字符集中无效(代码页 65001)。
  (编译源文件“/src/ImGui/ImGuiLayer.cpp”)
  
C:\Users\LLY\Documents\VSProject\KEngine\KEngine\src\Events\Event.h(1,1): warning C4828: 文件包含在偏移 0x3c0 处开始的字符，该字符在当前源字符集中无效(代码页 65001)。
  (编译源文件“/src/ImGui/ImGuiLayer.cpp”)
  
C:\Users\LLY\Documents\VSProject\KEngine\KEngine\src\Events\Event.h(1,1): warning C4828: 文件包含在偏移 0x3c1 处开始的字符，该字符在当前源字符集中无效(代码页 65001)。
  (编译源文件“/src/ImGui/ImGuiLayer.cpp”)
  
C:\Users\LLY\Documents\VSProject\KEngine\KEngine\src\Events\Event.h(1,1): warning C4828: 文件包含在偏移 0x3c2 处开始的字符，该字符在当前源字符集中无效(代码页 65001)。
  (编译源文件“/src/ImGui/ImGuiLayer.cpp”)
  
C:\Users\LLY\Documents\VSProject\KEngine\KEngine\src\Events\Event.h(1,1): warning C4828: 文件包含在偏移 0x3c6 处开始的字符，该字符在当前源字符集中无效(代码页 65001)。
  (编译源文件“/src/ImGui/ImGuiLayer.cpp”)
  
C:\Users\LLY\Documents\VSProject\KEngine\KEngine\src\Events\Event.h(1,1): warning C4828: 文件包含在偏移 0x3ca 处开始的字符，该字符在当前源字符集中无效(代码页 65001)。
  (编译源文件“/src/ImGui/ImGuiLayer.cpp”)
  
C:\Users\LLY\Documents\VSProject\KEngine\KEngine\src\Events\Event.h(1,1): warning C4828: 文件包含在偏移 0x3ce 处开始的字符，该字符在当前源字符集中无效(代码页 65001)。
  (编译源文件“/src/ImGui/ImGuiLayer.cpp”)
  
C:\Users\LLY\Documents\VSProject\KEngine\KEngine\src\Events\Event.h(1,1): warning C4828: 文件包含在偏移 0x3d0 处开始的字符，该字符在当前源字符集中无效(代码页 65001)。
  (编译源文件“/src/ImGui/ImGuiLayer.cpp”)
  
C:\Users\LLY\Documents\VSProject\KEngine\KEngine\src\Events\Event.h(1,1): warning C4828: 文件包含在偏移 0x3d1 处开始的字符，该字符在当前源字符集中无效(代码页 65001)。
  (编译源文件“/src/ImGui/ImGuiLayer.cpp”)
  
C:\Users\LLY\Documents\VSProject\KEngine\KEngine\src\Events\Event.h(1,1): warning C4828: 文件包含在偏移 0x3d2 处开始的字符，该字符在当前源字符集中无效(代码页 65001)。
  (编译源文件“/src/ImGui/ImGuiLayer.cpp”)
  
C:\Users\LLY\Documents\VSProject\KEngine\KEngine\src\Events\Event.h(1,1): warning C4828: 文件包含在偏移 0x3d3 处开始的字符，该字符在当前源字符集中无效(代码页 65001)。
  (编译源文件“/src/ImGui/ImGuiLayer.cpp”)
  
C:\Users\LLY\Documents\VSProject\KEngine\KEngine\src\Events\Event.h(1,1): warning C4828: 文件包含在偏移 0x3d5 处开始的字符，该字符在当前源字符集中无效(代码页 65001)。
  (编译源文件“/src/ImGui/ImGuiLayer.cpp”)
  
C:\Users\LLY\Documents\VSProject\KEngine\KEngine\src\Events\Event.h(1,1): warning C4828: 文件包含在偏移 0x3d7 处开始的字符，该字符在当前源字符集中无效(代码页 65001)。
  (编译源文件“/src/ImGui/ImGuiLayer.cpp”)
  
C:\Users\LLY\Documents\VSProject\KEngine\KEngine\src\Events\Event.h(1,1): warning C4828: 文件包含在偏移 0x3db 处开始的字符，该字符在当前源字符集中无效(代码页 65001)。
  (编译源文件“/src/ImGui/ImGuiLayer.cpp”)
  
C:\Users\LLY\Documents\VSProject\KEngine\KEngine\src\Events\Event.h(1,1): warning C4828: 文件包含在偏移 0x3de 处开始的字符，该字符在当前源字符集中无效(代码页 65001)。
  (编译源文件“/src/ImGui/ImGuiLayer.cpp”)
  
C:\Users\LLY\Documents\VSProject\KEngine\KEngine\src\Events\Event.h(1,1): warning C4828: 文件包含在偏移 0x3df 处开始的字符，该字符在当前源字符集中无效(代码页 65001)。
  (编译源文件“/src/ImGui/ImGuiLayer.cpp”)
  
C:\Users\LLY\Documents\VSProject\KEngine\KEngine\src\Events\Event.h(1,1): warning C4828: 文件包含在偏移 0x450 处开始的字符，该字符在当前源字符集中无效(代码页 65001)。
  (编译源文件“/src/ImGui/ImGuiLayer.cpp”)
  
C:\Users\LLY\Documents\VSProject\KEngine\KEngine\src\Events\Event.h(1,1): warning C4828: 文件包含在偏移 0x452 处开始的字符，该字符在当前源字符集中无效(代码页 65001)。
  (编译源文件“/src/ImGui/ImGuiLayer.cpp”)
  
C:\Users\LLY\Documents\VSProject\KEngine\KEngine\src\Events\Event.h(1,1): warning C4828: 文件包含在偏移 0x453 处开始的字符，该字符在当前源字符集中无效(代码页 65001)。
  (编译源文件“/src/ImGui/ImGuiLayer.cpp”)
  
C:\Users\LLY\Documents\VSProject\KEngine\KEngine\src\Events\Event.h(1,1): warning C4828: 文件包含在偏移 0x454 处开始的字符，该字符在当前源字符集中无效(代码页 65001)。
  (编译源文件“/src/ImGui/ImGuiLayer.cpp”)
  
C:\Users\LLY\Documents\VSProject\KEngine\KEngine\src\Events\Event.h(1,1): warning C4828: 文件包含在偏移 0x456 处开始的字符，该字符在当前源字符集中无效(代码页 65001)。
  (编译源文件“/src/ImGui/ImGuiLayer.cpp”)
  
C:\Users\LLY\Documents\VSProject\KEngine\KEngine\src\Events\Event.h(1,1): warning C4828: 文件包含在偏移 0x45b 处开始的字符，该字符在当前源字符集中无效(代码页 65001)。
  (编译源文件“/src/ImGui/ImGuiLayer.cpp”)
  
C:\Users\LLY\Documents\VSProject\KEngine\KEngine\src\Events\Event.h(1,1): warning C4828: 文件包含在偏移 0x45c 处开始的字符，该字符在当前源字符集中无效(代码页 65001)。
  (编译源文件“/src/ImGui/ImGuiLayer.cpp”)
  
C:\Users\LLY\Documents\VSProject\KEngine\KEngine\src\Events\Event.h(1,1): warning C4828: 文件包含在偏移 0x45d 处开始的字符，该字符在当前源字符集中无效(代码页 65001)。
  (编译源文件“/src/ImGui/ImGuiLayer.cpp”)
  
C:\Users\LLY\Documents\VSProject\KEngine\KEngine\src\Events\Event.h(1,1): warning C4828: 文件包含在偏移 0x490 处开始的字符，该字符在当前源字符集中无效(代码页 65001)。
  (编译源文件“/src/ImGui/ImGuiLayer.cpp”)
  
C:\Users\LLY\Documents\VSProject\KEngine\KEngine\src\Events\Event.h(1,1): warning C4828: 文件包含在偏移 0x492 处开始的字符，该字符在当前源字符集中无效(代码页 65001)。
  (编译源文件“/src/ImGui/ImGuiLayer.cpp”)
  
C:\Users\LLY\Documents\VSProject\KEngine\KEngine\src\Events\Event.h(1,1): warning C4828: 文件包含在偏移 0x493 处开始的字符，该字符在当前源字符集中无效(代码页 65001)。
  (编译源文件“/src/ImGui/ImGuiLayer.cpp”)
  
C:\Users\LLY\Documents\VSProject\KEngine\KEngine\src\Events\Event.h(1,1): warning C4828: 文件包含在偏移 0x498 处开始的字符，该字符在当前源字符集中无效(代码页 65001)。
  (编译源文件“/src/ImGui/ImGuiLayer.cpp”)
  
C:\Users\LLY\Documents\VSProject\KEngine\KEngine\src\Events\Event.h(1,1): warning C4828: 文件包含在偏移 0x49b 处开始的字符，该字符在当前源字符集中无效(代码页 65001)。
  (编译源文件“/src/ImGui/ImGuiLayer.cpp”)
  
C:\Users\LLY\Documents\VSProject\KEngine\KEngine\src\Events\Event.h(1,1): warning C4828: 文件包含在偏移 0x49c 处开始的字符，该字符在当前源字符集中无效(代码页 65001)。
  (编译源文件“/src/ImGui/ImGuiLayer.cpp”)
  
C:\Users\LLY\Documents\VSProject\KEngine\KEngine\src\Events\Event.h(1,1): warning C4828: 文件包含在偏移 0x49e 处开始的字符，该字符在当前源字符集中无效(代码页 65001)。
  (编译源文件“/src/ImGui/ImGuiLayer.cpp”)
  
C:\Users\LLY\Documents\VSProject\KEngine\KEngine\src\Events\Event.h(1,1): warning C4828: 文件包含在偏移 0x49f 处开始的字符，该字符在当前源字符集中无效(代码页 65001)。
  (编译源文件“/src/ImGui/ImGuiLayer.cpp”)
  
C:\Users\LLY\Documents\VSProject\KEngine\KEngine\src\Events\Event.h(1,1): warning C4828: 文件包含在偏移 0x4a2 处开始的字符，该字符在当前源字符集中无效(代码页 65001)。
  (编译源文件“/src/ImGui/ImGuiLayer.cpp”)
  
C:\Users\LLY\Documents\VSProject\KEngine\KEngine\src\Events\Event.h(1,1): warning C4828: 文件包含在偏移 0x4a3 处开始的字符，该字符在当前源字符集中无效(代码页 65001)。
  (编译源文件“/src/ImGui/ImGuiLayer.cpp”)
  
C:\Users\LLY\Documents\VSProject\KEngine\KEngine\src\Events\Event.h(1,1): warning C4828: 文件包含在偏移 0x4a6 处开始的字符，该字符在当前源字符集中无效(代码页 65001)。
  (编译源文件“/src/ImGui/ImGuiLayer.cpp”)
  
C:\Users\LLY\Documents\VSProject\KEngine\KEngine\src\Events\Event.h(1,1): warning C4828: 文件包含在偏移 0x4a8 处开始的字符，该字符在当前源字符集中无效(代码页 65001)。
  (编译源文件“/src/ImGui/ImGuiLayer.cpp”)
  
C:\Users\LLY\Documents\VSProject\KEngine\KEngine\src\Events\Event.h(1,1): warning C4828: 文件包含在偏移 0x4aa 处开始的字符，该字符在当前源字符集中无效(代码页 65001)。
  (编译源文件“/src/ImGui/ImGuiLayer.cpp”)
  
C:\Users\LLY\Documents\VSProject\KEngine\KEngine\src\Events\Event.h(1,1): warning C4828: 文件包含在偏移 0x4ab 处开始的字符，该字符在当前源字符集中无效(代码页 65001)。
  (编译源文件“/src/ImGui/ImGuiLayer.cpp”)
  
C:\Users\LLY\Documents\VSProject\KEngine\KEngine\src\Events\Event.h(1,1): warning C4828: 文件包含在偏移 0x4ac 处开始的字符，该字符在当前源字符集中无效(代码页 65001)。
  (编译源文件“/src/ImGui/ImGuiLayer.cpp”)
  
C:\Users\LLY\Documents\VSProject\KEngine\KEngine\src\Events\Event.h(1,1): warning C4828: 文件包含在偏移 0x4ad 处开始的字符，该字符在当前源字符集中无效(代码页 65001)。
  (编译源文件“/src/ImGui/ImGuiLayer.cpp”)
  
C:\Users\LLY\Documents\VSProject\KEngine\KEngine\src\Events\Event.h(1,1): warning C4828: 文件包含在偏移 0x4b1 处开始的字符，该字符在当前源字符集中无效(代码页 65001)。
  (编译源文件“/src/ImGui/ImGuiLayer.cpp”)
  
C:\Users\LLY\Documents\VSProject\KEngine\KEngine\src\Events\Event.h(1,1): warning C4828: 文件包含在偏移 0x54a 处开始的字符，该字符在当前源字符集中无效(代码页 65001)。
  (编译源文件“/src/ImGui/ImGuiLayer.cpp”)
  
C:\Users\LLY\Documents\VSProject\KEngine\KEngine\src\Events\Event.h(1,1): warning C4828: 文件包含在偏移 0x54c 处开始的字符，该字符在当前源字符集中无效(代码页 65001)。
  (编译源文件“/src/ImGui/ImGuiLayer.cpp”)
  
C:\Users\LLY\Documents\VSProject\KEngine\KEngine\src\Events\Event.h(1,1): warning C4828: 文件包含在偏移 0x54d 处开始的字符，该字符在当前源字符集中无效(代码页 65001)。
  (编译源文件“/src/ImGui/ImGuiLayer.cpp”)
  
C:\Users\LLY\Documents\VSProject\KEngine\KEngine\src\Events\Event.h(1,1): warning C4828: 文件包含在偏移 0x556 处开始的字符，该字符在当前源字符集中无效(代码页 65001)。
  (编译源文件“/src/ImGui/ImGuiLayer.cpp”)
  
C:\Users\LLY\Documents\VSProject\KEngine\KEngine\src\Events\Event.h(1,1): warning C4828: 文件包含在偏移 0x558 处开始的字符，该字符在当前源字符集中无效(代码页 65001)。
  (编译源文件“/src/ImGui/ImGuiLayer.cpp”)
  
C:\Users\LLY\Documents\VSProject\KEngine\KEngine\src\Events\Event.h(1,1): warning C4828: 文件包含在偏移 0x55a 处开始的字符，该字符在当前源字符集中无效(代码页 65001)。
  (编译源文件“/src/ImGui/ImGuiLayer.cpp”)
  
C:\Users\LLY\Documents\VSProject\KEngine\KEngine\src\Events\Event.h(1,1): warning C4828: 文件包含在偏移 0x55c 处开始的字符，该字符在当前源字符集中无效(代码页 65001)。
  (编译源文件“/src/ImGui/ImGuiLayer.cpp”)
  
C:\Users\LLY\Documents\VSProject\KEngine\KEngine\src\Events\Event.h(1,1): warning C4828: 文件包含在偏移 0x55d 处开始的字符，该字符在当前源字符集中无效(代码页 65001)。
  (编译源文件“/src/ImGui/ImGuiLayer.cpp”)
  
C:\Users\LLY\Documents\VSProject\KEngine\KEngine\src\Events\Event.h(1,1): warning C4828: 文件包含在偏移 0x6e0 处开始的字符，该字符在当前源字符集中无效(代码页 65001)。
  (编译源文件“/src/ImGui/ImGuiLayer.cpp”)
  
C:\Users\LLY\Documents\VSProject\KEngine\KEngine\src\Events\Event.h(1,1): warning C4828: 文件包含在偏移 0x6e2 处开始的字符，该字符在当前源字符集中无效(代码页 65001)。
  (编译源文件“/src/ImGui/ImGuiLayer.cpp”)
  
C:\Users\LLY\Documents\VSProject\KEngine\KEngine\src\Events\Event.h(1,1): warning C4828: 文件包含在偏移 0x6e3 处开始的字符，该字符在当前源字符集中无效(代码页 65001)。
  (编译源文件“/src/ImGui/ImGuiLayer.cpp”)
  
C:\Users\LLY\Documents\VSProject\KEngine\KEngine\src\Events\Event.h(1,1): warning C4828: 文件包含在偏移 0x6ea 处开始的字符，该字符在当前源字符集中无效(代码页 65001)。
  (编译源文件“/src/ImGui/ImGuiLayer.cpp”)
  
C:\Users\LLY\Documents\VSProject\KEngine\KEngine\src\Events\Event.h(1,1): warning C4828: 文件包含在偏移 0x6eb 处开始的字符，该字符在当前源字符集中无效(代码页 65001)。
  (编译源文件“/src/ImGui/ImGuiLayer.cpp”)
  
C:\Users\LLY\Documents\VSProject\KEngine\KEngine\src\Events\Event.h(1,1): warning C4828: 文件包含在偏移 0x6ee 处开始的字符，该字符在当前源字符集中无效(代码页 65001)。
  (编译源文件“/src/ImGui/ImGuiLayer.cpp”)
  
C:\Users\LLY\Documents\VSProject\KEngine\KEngine\src\Events\Event.h(1,1): warning C4828: 文件包含在偏移 0x6f0 处开始的字符，该字符在当前源字符集中无效(代码页 65001)。
  (编译源文件“/src/ImGui/ImGuiLayer.cpp”)
  
C:\Users\LLY\Documents\VSProject\KEngine\KEngine\src\Events\Event.h(1,1): warning C4828: 文件包含在偏移 0x6f1 处开始的字符，该字符在当前源字符集中无效(代码页 65001)。
  (编译源文件“/src/ImGui/ImGuiLayer.cpp”)
  
C:\Users\LLY\Documents\VSProject\KEngine\KEngine\src\Events\Event.h(1,1): warning C4828: 文件包含在偏移 0x6f6 处开始的字符，该字符在当前源字符集中无效(代码页 65001)。
  (编译源文件“/src/ImGui/ImGuiLayer.cpp”)
  
C:\Users\LLY\Documents\VSProject\KEngine\KEngine\src\Events\Event.h(1,1): warning C4828: 文件包含在偏移 0x6f7 处开始的字符，该字符在当前源字符集中无效(代码页 65001)。
  (编译源文件“/src/ImGui/ImGuiLayer.cpp”)
  
C:\Users\LLY\Documents\VSProject\KEngine\KEngine\src\Events\Event.h(1,1): warning C4828: 文件包含在偏移 0x6f8 处开始的字符，该字符在当前源字符集中无效(代码页 65001)。
  (编译源文件“/src/ImGui/ImGuiLayer.cpp”)
  
C:\Users\LLY\Documents\VSProject\KEngine\KEngine\src\Events\Event.h(1,1): warning C4828: 文件包含在偏移 0x6fa 处开始的字符，该字符在当前源字符集中无效(代码页 65001)。
  (编译源文件“/src/ImGui/ImGuiLayer.cpp”)
  
C:\Users\LLY\Documents\VSProject\KEngine\KEngine\src\Events\Event.h(1,1): warning C4828: 文件包含在偏移 0x6fc 处开始的字符，该字符在当前源字符集中无效(代码页 65001)。
  (编译源文件“/src/ImGui/ImGuiLayer.cpp”)
  
C:\Users\LLY\Documents\VSProject\KEngine\KEngine\src\Events\Event.h(1,1): warning C4828: 文件包含在偏移 0x6fd 处开始的字符，该字符在当前源字符集中无效(代码页 65001)。
  (编译源文件“/src/ImGui/ImGuiLayer.cpp”)
  
C:\Users\LLY\Documents\VSProject\KEngine\KEngine\src\Events\Event.h(1,1): warning C4828: 文件包含在偏移 0x6fe 处开始的字符，该字符在当前源字符集中无效(代码页 65001)。
  (编译源文件“/src/ImGui/ImGuiLayer.cpp”)
  
C:\Users\LLY\Documents\VSProject\KEngine\KEngine\src\Events\Event.h(1,1): warning C4828: 文件包含在偏移 0x700 处开始的字符，该字符在当前源字符集中无效(代码页 65001)。
  (编译源文件“/src/ImGui/ImGuiLayer.cpp”)
  
C:\Users\LLY\Documents\VSProject\KEngine\KEngine\src\Events\Event.h(1,1): warning C4828: 文件包含在偏移 0x703 处开始的字符，该字符在当前源字符集中无效(代码页 65001)。
  (编译源文件“/src/ImGui/ImGuiLayer.cpp”)
  
C:\Users\LLY\Documents\VSProject\KEngine\KEngine\src\Events\Event.h(1,1): warning C4828: 文件包含在偏移 0x707 处开始的字符，该字符在当前源字符集中无效(代码页 65001)。
  (编译源文件“/src/ImGui/ImGuiLayer.cpp”)
  
C:\Users\LLY\Documents\VSProject\KEngine\KEngine\src\Events\Event.h(1,1): warning C4828: 文件包含在偏移 0x708 处开始的字符，该字符在当前源字符集中无效(代码页 65001)。
  (编译源文件“/src/ImGui/ImGuiLayer.cpp”)
  
C:\Users\LLY\Documents\VSProject\KEngine\KEngine\src\Events\Event.h(1,1): warning C4828: 文件包含在偏移 0x709 处开始的字符，该字符在当前源字符集中无效(代码页 65001)。
  (编译源文件“/src/ImGui/ImGuiLayer.cpp”)
  
C:\Users\LLY\Documents\VSProject\KEngine\KEngine\src\Events\Event.h(1,1): warning C4828: 文件包含在偏移 0x769 处开始的字符，该字符在当前源字符集中无效(代码页 65001)。
  (编译源文件“/src/ImGui/ImGuiLayer.cpp”)
  
C:\Users\LLY\Documents\VSProject\KEngine\KEngine\src\Events\Event.h(1,1): warning C4828: 文件包含在偏移 0x76b 处开始的字符，该字符在当前源字符集中无效(代码页 65001)。
  (编译源文件“/src/ImGui/ImGuiLayer.cpp”)
  
C:\Users\LLY\Documents\VSProject\KEngine\KEngine\src\Events\Event.h(1,1): warning C4828: 文件包含在偏移 0x76c 处开始的字符，该字符在当前源字符集中无效(代码页 65001)。
  (编译源文件“/src/ImGui/ImGuiLayer.cpp”)
  
C:\Users\LLY\Documents\VSProject\KEngine\KEngine\src\Events\Event.h(1,1): warning C4828: 文件包含在偏移 0x76f 处开始的字符，该字符在当前源字符集中无效(代码页 65001)。
  (编译源文件“/src/ImGui/ImGuiLayer.cpp”)
  
C:\Users\LLY\Documents\VSProject\KEngine\KEngine\src\Events\Event.h(1,1): warning C4828: 文件包含在偏移 0x773 处开始的字符，该字符在当前源字符集中无效(代码页 65001)。
  (编译源文件“/src/ImGui/ImGuiLayer.cpp”)
  
C:\Users\LLY\Documents\VSProject\KEngine\KEngine\src\Events\Event.h(1,1): warning C4828: 文件包含在偏移 0x774 处开始的字符，该字符在当前源字符集中无效(代码页 65001)。
  (编译源文件“/src/ImGui/ImGuiLayer.cpp”)
  
C:\Users\LLY\Documents\VSProject\KEngine\KEngine\src\Events\Event.h(1,1): warning C4828: 文件包含在偏移 0x778 处开始的字符，该字符在当前源字符集中无效(代码页 65001)。
  (编译源文件“/src/ImGui/ImGuiLayer.cpp”)
  
C:\Users\LLY\Documents\VSProject\KEngine\KEngine\src\Layer.h(24,15): warning C4251: “KEngine::Layer::m_DebugName”:“std::basic_string<char,std::char_traits<char>,std::allocator<char>>”需要有 dll 接口以供“KEngine::Layer”的客户端使用
  (编译源文件“/src/ImGui/ImGuiLayer.cpp”)
      C:\Program Files\Microsoft Visual Studio\2022\Community\VC\Tools\MSVC\14.44.35207\include\xstring(541,7):
      参见“std::basic_string<char,std::char_traits<char>,std::allocator<char>>”的声明
  
C:\Users\LLY\Documents\VSProject\KEngine\KEngine\src\LayerStack.h(22,23): warning C4251: “KEngine::LayerStack::m_Layers”:“std::vector<KEngine::Layer *,std::allocator<KEngine::Layer *>>”需要有 dll 接口以供“KEngine::LayerStack”的客户端使用
  (编译源文件“/src/ImGui/ImGuiLayer.cpp”)
      C:\Program Files\Microsoft Visual Studio\2022\Community\VC\Tools\MSVC\14.44.35207\include\vector(442,7):
      参见“std::vector<KEngine::Layer *,std::allocator<KEngine::Layer *>>”的声明
  
C:\Users\LLY\Documents\VSProject\KEngine\KEngine\src\Log.h(13,42): warning C4251: “KEngine::Log::s_CoreLogger”:“std::shared_ptr<spdlog::logger>”需要有 dll 接口以供“KEngine::Log”的客户端使用
  (编译源文件“/src/ImGui/ImGuiLayer.cpp”)
      C:\Program Files\Microsoft Visual Studio\2022\Community\VC\Tools\MSVC\14.44.35207\include\memory(1565,7):
      参见“std::shared_ptr<spdlog::logger>”的声明
  
C:\Users\LLY\Documents\VSProject\KEngine\KEngine\src\Log.h(14,42): warning C4251: “KEngine::Log::s_ClientLogger”:“std::shared_ptr<spdlog::logger>”需要有 dll 接口以供“KEngine::Log”的客户端使用
  (编译源文件“/src/ImGui/ImGuiLayer.cpp”)
      C:\Program Files\Microsoft Visual Studio\2022\Community\VC\Tools\MSVC\14.44.35207\include\memory(1565,7):
      参见“std::shared_ptr<spdlog::logger>”的声明
  
C:\Users\LLY\Documents\VSProject\KEngine\KEngine\src\Application.h(20,27): warning C4251: “KEngine::Application::m_Window”:“std::unique_ptr<KEngine::Window,std::default_delete<KEngine::Window>>”需要有 dll 接口以供“KEngine::Application”的客户端使用
  (编译源文件“/src/ImGui/ImGuiLayer.cpp”)
      C:\Program Files\Microsoft Visual Studio\2022\Community\VC\Tools\MSVC\14.44.35207\include\memory(3347,7):
      参见“std::unique_ptr<KEngine::Window,std::default_delete<KEngine::Window>>”的声明
  
C:\Users\LLY\Documents\VSProject\KEngine\KEngine\src\Application.h(47,29): warning C4251: “KEngine::Application::timeStep”:“std::unique_ptr<KEngine::TimeStep,std::default_delete<KEngine::TimeStep>>”需要有 dll 接口以供“KEngine::Application”的客户端使用
  (编译源文件“/src/ImGui/ImGuiLayer.cpp”)
      C:\Program Files\Microsoft Visual Studio\2022\Community\VC\Tools\MSVC\14.44.35207\include\memory(3347,7):
      参见“std::unique_ptr<KEngine::TimeStep,std::default_delete<KEngine::TimeStep>>”的声明
  
  Layer.cpp
C:\Users\LLY\Documents\VSProject\KEngine\KEngine\src\Events\Event.h(1,1): warning C4828: 文件包含在偏移 0x46 处开始的字符，该字符在当前源字符集中无效(代码页 65001)。
  (编译源文件“/src/Layer.cpp”)
  
C:\Users\LLY\Documents\VSProject\KEngine\KEngine\src\Events\Event.h(1,1): warning C4828: 文件包含在偏移 0x48 处开始的字符，该字符在当前源字符集中无效(代码页 65001)。
  (编译源文件“/src/Layer.cpp”)
  
C:\Users\LLY\Documents\VSProject\KEngine\KEngine\src\Events\Event.h(1,1): warning C4828: 文件包含在偏移 0x49 处开始的字符，该字符在当前源字符集中无效(代码页 65001)。
  (编译源文件“/src/Layer.cpp”)
  
C:\Users\LLY\Documents\VSProject\KEngine\KEngine\src\Events\Event.h(1,1): warning C4828: 文件包含在偏移 0x4c 处开始的字符，该字符在当前源字符集中无效(代码页 65001)。
  (编译源文件“/src/Layer.cpp”)
  
C:\Users\LLY\Documents\VSProject\KEngine\KEngine\src\Events\Event.h(1,1): warning C4828: 文件包含在偏移 0x4d 处开始的字符，该字符在当前源字符集中无效(代码页 65001)。
  (编译源文件“/src/Layer.cpp”)
  
C:\Users\LLY\Documents\VSProject\KEngine\KEngine\src\Events\Event.h(1,1): warning C4828: 文件包含在偏移 0x4e 处开始的字符，该字符在当前源字符集中无效(代码页 65001)。
  (编译源文件“/src/Layer.cpp”)
  
C:\Users\LLY\Documents\VSProject\KEngine\KEngine\src\Events\Event.h(1,1): warning C4828: 文件包含在偏移 0x50 处开始的字符，该字符在当前源字符集中无效(代码页 65001)。
  (编译源文件“/src/Layer.cpp”)
  
C:\Users\LLY\Documents\VSProject\KEngine\KEngine\src\Events\Event.h(1,1): warning C4828: 文件包含在偏移 0x51 处开始的字符，该字符在当前源字符集中无效(代码页 65001)。
  (编译源文件“/src/Layer.cpp”)
  
C:\Users\LLY\Documents\VSProject\KEngine\KEngine\src\Events\Event.h(1,1): warning C4828: 文件包含在偏移 0x53 处开始的字符，该字符在当前源字符集中无效(代码页 65001)。
  (编译源文件“/src/Layer.cpp”)
  
C:\Users\LLY\Documents\VSProject\KEngine\KEngine\src\Events\Event.h(1,1): warning C4828: 文件包含在偏移 0x54 处开始的字符，该字符在当前源字符集中无效(代码页 65001)。
  (编译源文件“/src/Layer.cpp”)
  
C:\Users\LLY\Documents\VSProject\KEngine\KEngine\src\Events\Event.h(1,1): warning C4828: 文件包含在偏移 0x55 处开始的字符，该字符在当前源字符集中无效(代码页 65001)。
  (编译源文件“/src/Layer.cpp”)
  
C:\Users\LLY\Documents\VSProject\KEngine\KEngine\src\Events\Event.h(1,1): warning C4828: 文件包含在偏移 0x56 处开始的字符，该字符在当前源字符集中无效(代码页 65001)。
  (编译源文件“/src/Layer.cpp”)
  
C:\Users\LLY\Documents\VSProject\KEngine\KEngine\src\Events\Event.h(1,1): warning C4828: 文件包含在偏移 0x59 处开始的字符，该字符在当前源字符集中无效(代码页 65001)。
  (编译源文件“/src/Layer.cpp”)
  
C:\Users\LLY\Documents\VSProject\KEngine\KEngine\src\Events\Event.h(1,1): warning C4828: 文件包含在偏移 0x5d 处开始的字符，该字符在当前源字符集中无效(代码页 65001)。
  (编译源文件“/src/Layer.cpp”)
  
C:\Users\LLY\Documents\VSProject\KEngine\KEngine\src\Events\Event.h(1,1): warning C4828: 文件包含在偏移 0x5e 处开始的字符，该字符在当前源字符集中无效(代码页 65001)。
  (编译源文件“/src/Layer.cpp”)
  
C:\Users\LLY\Documents\VSProject\KEngine\KEngine\src\Events\Event.h(1,1): warning C4828: 文件包含在偏移 0x5f 处开始的字符，该字符在当前源字符集中无效(代码页 65001)。
  (编译源文件“/src/Layer.cpp”)
  
C:\Users\LLY\Documents\VSProject\KEngine\KEngine\src\Events\Event.h(1,1): warning C4828: 文件包含在偏移 0x61 处开始的字符，该字符在当前源字符集中无效(代码页 65001)。
  (编译源文件“/src/Layer.cpp”)
  
C:\Users\LLY\Documents\VSProject\KEngine\KEngine\src\Events\Event.h(1,1): warning C4828: 文件包含在偏移 0x3b8 处开始的字符，该字符在当前源字符集中无效(代码页 65001)。
  (编译源文件“/src/Layer.cpp”)
  
C:\Users\LLY\Documents\VSProject\KEngine\KEngine\src\Events\Event.h(1,1): warning C4828: 文件包含在偏移 0x3ba 处开始的字符，该字符在当前源字符集中无效(代码页 65001)。
  (编译源文件“/src/Layer.cpp”)
  
C:\Users\LLY\Documents\VSProject\KEngine\KEngine\src\Events\Event.h(1,1): warning C4828: 文件包含在偏移 0x3bb 处开始的字符，该字符在当前源字符集中无效(代码页 65001)。
  (编译源文件“/src/Layer.cpp”)
  
C:\Users\LLY\Documents\VSProject\KEngine\KEngine\src\Events\Event.h(1,1): warning C4828: 文件包含在偏移 0x3c0 处开始的字符，该字符在当前源字符集中无效(代码页 65001)。
  (编译源文件“/src/Layer.cpp”)
  
C:\Users\LLY\Documents\VSProject\KEngine\KEngine\src\Events\Event.h(1,1): warning C4828: 文件包含在偏移 0x3c1 处开始的字符，该字符在当前源字符集中无效(代码页 65001)。
  (编译源文件“/src/Layer.cpp”)
  
C:\Users\LLY\Documents\VSProject\KEngine\KEngine\src\Events\Event.h(1,1): warning C4828: 文件包含在偏移 0x3c2 处开始的字符，该字符在当前源字符集中无效(代码页 65001)。
  (编译源文件“/src/Layer.cpp”)
  
C:\Users\LLY\Documents\VSProject\KEngine\KEngine\src\Events\Event.h(1,1): warning C4828: 文件包含在偏移 0x3c6 处开始的字符，该字符在当前源字符集中无效(代码页 65001)。
  (编译源文件“/src/Layer.cpp”)
  
C:\Users\LLY\Documents\VSProject\KEngine\KEngine\src\Events\Event.h(1,1): warning C4828: 文件包含在偏移 0x3ca 处开始的字符，该字符在当前源字符集中无效(代码页 65001)。
  (编译源文件“/src/Layer.cpp”)
  
C:\Users\LLY\Documents\VSProject\KEngine\KEngine\src\Events\Event.h(1,1): warning C4828: 文件包含在偏移 0x3ce 处开始的字符，该字符在当前源字符集中无效(代码页 65001)。
  (编译源文件“/src/Layer.cpp”)
  
C:\Users\LLY\Documents\VSProject\KEngine\KEngine\src\Events\Event.h(1,1): warning C4828: 文件包含在偏移 0x3d0 处开始的字符，该字符在当前源字符集中无效(代码页 65001)。
  (编译源文件“/src/Layer.cpp”)
  
C:\Users\LLY\Documents\VSProject\KEngine\KEngine\src\Events\Event.h(1,1): warning C4828: 文件包含在偏移 0x3d1 处开始的字符，该字符在当前源字符集中无效(代码页 65001)。
  (编译源文件“/src/Layer.cpp”)
  
C:\Users\LLY\Documents\VSProject\KEngine\KEngine\src\Events\Event.h(1,1): warning C4828: 文件包含在偏移 0x3d2 处开始的字符，该字符在当前源字符集中无效(代码页 65001)。
  (编译源文件“/src/Layer.cpp”)
  
C:\Users\LLY\Documents\VSProject\KEngine\KEngine\src\Events\Event.h(1,1): warning C4828: 文件包含在偏移 0x3d3 处开始的字符，该字符在当前源字符集中无效(代码页 65001)。
  (编译源文件“/src/Layer.cpp”)
  
C:\Users\LLY\Documents\VSProject\KEngine\KEngine\src\Events\Event.h(1,1): warning C4828: 文件包含在偏移 0x3d5 处开始的字符，该字符在当前源字符集中无效(代码页 65001)。
  (编译源文件“/src/Layer.cpp”)
  
C:\Users\LLY\Documents\VSProject\KEngine\KEngine\src\Events\Event.h(1,1): warning C4828: 文件包含在偏移 0x3d7 处开始的字符，该字符在当前源字符集中无效(代码页 65001)。
  (编译源文件“/src/Layer.cpp”)
  
C:\Users\LLY\Documents\VSProject\KEngine\KEngine\src\Events\Event.h(1,1): warning C4828: 文件包含在偏移 0x3db 处开始的字符，该字符在当前源字符集中无效(代码页 65001)。
  (编译源文件“/src/Layer.cpp”)
  
C:\Users\LLY\Documents\VSProject\KEngine\KEngine\src\Events\Event.h(1,1): warning C4828: 文件包含在偏移 0x3de 处开始的字符，该字符在当前源字符集中无效(代码页 65001)。
  (编译源文件“/src/Layer.cpp”)
  
C:\Users\LLY\Documents\VSProject\KEngine\KEngine\src\Events\Event.h(1,1): warning C4828: 文件包含在偏移 0x3df 处开始的字符，该字符在当前源字符集中无效(代码页 65001)。
  (编译源文件“/src/Layer.cpp”)
  
C:\Users\LLY\Documents\VSProject\KEngine\KEngine\src\Events\Event.h(1,1): warning C4828: 文件包含在偏移 0x450 处开始的字符，该字符在当前源字符集中无效(代码页 65001)。
  (编译源文件“/src/Layer.cpp”)
  
C:\Users\LLY\Documents\VSProject\KEngine\KEngine\src\Events\Event.h(1,1): warning C4828: 文件包含在偏移 0x452 处开始的字符，该字符在当前源字符集中无效(代码页 65001)。
  (编译源文件“/src/Layer.cpp”)
  
C:\Users\LLY\Documents\VSProject\KEngine\KEngine\src\Events\Event.h(1,1): warning C4828: 文件包含在偏移 0x453 处开始的字符，该字符在当前源字符集中无效(代码页 65001)。
  (编译源文件“/src/Layer.cpp”)
  
C:\Users\LLY\Documents\VSProject\KEngine\KEngine\src\Events\Event.h(1,1): warning C4828: 文件包含在偏移 0x454 处开始的字符，该字符在当前源字符集中无效(代码页 65001)。
  (编译源文件“/src/Layer.cpp”)
  
C:\Users\LLY\Documents\VSProject\KEngine\KEngine\src\Events\Event.h(1,1): warning C4828: 文件包含在偏移 0x456 处开始的字符，该字符在当前源字符集中无效(代码页 65001)。
  (编译源文件“/src/Layer.cpp”)
  
C:\Users\LLY\Documents\VSProject\KEngine\KEngine\src\Events\Event.h(1,1): warning C4828: 文件包含在偏移 0x45b 处开始的字符，该字符在当前源字符集中无效(代码页 65001)。
  (编译源文件“/src/Layer.cpp”)
  
C:\Users\LLY\Documents\VSProject\KEngine\KEngine\src\Events\Event.h(1,1): warning C4828: 文件包含在偏移 0x45c 处开始的字符，该字符在当前源字符集中无效(代码页 65001)。
  (编译源文件“/src/Layer.cpp”)
  
C:\Users\LLY\Documents\VSProject\KEngine\KEngine\src\Events\Event.h(1,1): warning C4828: 文件包含在偏移 0x45d 处开始的字符，该字符在当前源字符集中无效(代码页 65001)。
  (编译源文件“/src/Layer.cpp”)
  
C:\Users\LLY\Documents\VSProject\KEngine\KEngine\src\Events\Event.h(1,1): warning C4828: 文件包含在偏移 0x490 处开始的字符，该字符在当前源字符集中无效(代码页 65001)。
  (编译源文件“/src/Layer.cpp”)
  
C:\Users\LLY\Documents\VSProject\KEngine\KEngine\src\Events\Event.h(1,1): warning C4828: 文件包含在偏移 0x492 处开始的字符，该字符在当前源字符集中无效(代码页 65001)。
  (编译源文件“/src/Layer.cpp”)
  
C:\Users\LLY\Documents\VSProject\KEngine\KEngine\src\Events\Event.h(1,1): warning C4828: 文件包含在偏移 0x493 处开始的字符，该字符在当前源字符集中无效(代码页 65001)。
  (编译源文件“/src/Layer.cpp”)
  
C:\Users\LLY\Documents\VSProject\KEngine\KEngine\src\Events\Event.h(1,1): warning C4828: 文件包含在偏移 0x498 处开始的字符，该字符在当前源字符集中无效(代码页 65001)。
  (编译源文件“/src/Layer.cpp”)
  
C:\Users\LLY\Documents\VSProject\KEngine\KEngine\src\Events\Event.h(1,1): warning C4828: 文件包含在偏移 0x49b 处开始的字符，该字符在当前源字符集中无效(代码页 65001)。
  (编译源文件“/src/Layer.cpp”)
  
C:\Users\LLY\Documents\VSProject\KEngine\KEngine\src\Events\Event.h(1,1): warning C4828: 文件包含在偏移 0x49c 处开始的字符，该字符在当前源字符集中无效(代码页 65001)。
  (编译源文件“/src/Layer.cpp”)
  
C:\Users\LLY\Documents\VSProject\KEngine\KEngine\src\Events\Event.h(1,1): warning C4828: 文件包含在偏移 0x49e 处开始的字符，该字符在当前源字符集中无效(代码页 65001)。
  (编译源文件“/src/Layer.cpp”)
  
C:\Users\LLY\Documents\VSProject\KEngine\KEngine\src\Events\Event.h(1,1): warning C4828: 文件包含在偏移 0x49f 处开始的字符，该字符在当前源字符集中无效(代码页 65001)。
  (编译源文件“/src/Layer.cpp”)
  
C:\Users\LLY\Documents\VSProject\KEngine\KEngine\src\Events\Event.h(1,1): warning C4828: 文件包含在偏移 0x4a2 处开始的字符，该字符在当前源字符集中无效(代码页 65001)。
  (编译源文件“/src/Layer.cpp”)
  
C:\Users\LLY\Documents\VSProject\KEngine\KEngine\src\Events\Event.h(1,1): warning C4828: 文件包含在偏移 0x4a3 处开始的字符，该字符在当前源字符集中无效(代码页 65001)。
  (编译源文件“/src/Layer.cpp”)
  
C:\Users\LLY\Documents\VSProject\KEngine\KEngine\src\Events\Event.h(1,1): warning C4828: 文件包含在偏移 0x4a6 处开始的字符，该字符在当前源字符集中无效(代码页 65001)。
  (编译源文件“/src/Layer.cpp”)
  
C:\Users\LLY\Documents\VSProject\KEngine\KEngine\src\Events\Event.h(1,1): warning C4828: 文件包含在偏移 0x4a8 处开始的字符，该字符在当前源字符集中无效(代码页 65001)。
  (编译源文件“/src/Layer.cpp”)
  
C:\Users\LLY\Documents\VSProject\KEngine\KEngine\src\Events\Event.h(1,1): warning C4828: 文件包含在偏移 0x4aa 处开始的字符，该字符在当前源字符集中无效(代码页 65001)。
  (编译源文件“/src/Layer.cpp”)
  
C:\Users\LLY\Documents\VSProject\KEngine\KEngine\src\Events\Event.h(1,1): warning C4828: 文件包含在偏移 0x4ab 处开始的字符，该字符在当前源字符集中无效(代码页 65001)。
  (编译源文件“/src/Layer.cpp”)
  
C:\Users\LLY\Documents\VSProject\KEngine\KEngine\src\Events\Event.h(1,1): warning C4828: 文件包含在偏移 0x4ac 处开始的字符，该字符在当前源字符集中无效(代码页 65001)。
  (编译源文件“/src/Layer.cpp”)
  
C:\Users\LLY\Documents\VSProject\KEngine\KEngine\src\Events\Event.h(1,1): warning C4828: 文件包含在偏移 0x4ad 处开始的字符，该字符在当前源字符集中无效(代码页 65001)。
  (编译源文件“/src/Layer.cpp”)
  
C:\Users\LLY\Documents\VSProject\KEngine\KEngine\src\Events\Event.h(1,1): warning C4828: 文件包含在偏移 0x4b1 处开始的字符，该字符在当前源字符集中无效(代码页 65001)。
  (编译源文件“/src/Layer.cpp”)
  
C:\Users\LLY\Documents\VSProject\KEngine\KEngine\src\Events\Event.h(1,1): warning C4828: 文件包含在偏移 0x54a 处开始的字符，该字符在当前源字符集中无效(代码页 65001)。
  (编译源文件“/src/Layer.cpp”)
  
C:\Users\LLY\Documents\VSProject\KEngine\KEngine\src\Events\Event.h(1,1): warning C4828: 文件包含在偏移 0x54c 处开始的字符，该字符在当前源字符集中无效(代码页 65001)。
  (编译源文件“/src/Layer.cpp”)
  
C:\Users\LLY\Documents\VSProject\KEngine\KEngine\src\Events\Event.h(1,1): warning C4828: 文件包含在偏移 0x54d 处开始的字符，该字符在当前源字符集中无效(代码页 65001)。
  (编译源文件“/src/Layer.cpp”)
  
C:\Users\LLY\Documents\VSProject\KEngine\KEngine\src\Events\Event.h(1,1): warning C4828: 文件包含在偏移 0x556 处开始的字符，该字符在当前源字符集中无效(代码页 65001)。
  (编译源文件“/src/Layer.cpp”)
  
C:\Users\LLY\Documents\VSProject\KEngine\KEngine\src\Events\Event.h(1,1): warning C4828: 文件包含在偏移 0x558 处开始的字符，该字符在当前源字符集中无效(代码页 65001)。
  (编译源文件“/src/Layer.cpp”)
  
C:\Users\LLY\Documents\VSProject\KEngine\KEngine\src\Events\Event.h(1,1): warning C4828: 文件包含在偏移 0x55a 处开始的字符，该字符在当前源字符集中无效(代码页 65001)。
  (编译源文件“/src/Layer.cpp”)
  
C:\Users\LLY\Documents\VSProject\KEngine\KEngine\src\Events\Event.h(1,1): warning C4828: 文件包含在偏移 0x55c 处开始的字符，该字符在当前源字符集中无效(代码页 65001)。
  (编译源文件“/src/Layer.cpp”)
  
C:\Users\LLY\Documents\VSProject\KEngine\KEngine\src\Events\Event.h(1,1): warning C4828: 文件包含在偏移 0x55d 处开始的字符，该字符在当前源字符集中无效(代码页 65001)。
  (编译源文件“/src/Layer.cpp”)
  
C:\Users\LLY\Documents\VSProject\KEngine\KEngine\src\Events\Event.h(1,1): warning C4828: 文件包含在偏移 0x6e0 处开始的字符，该字符在当前源字符集中无效(代码页 65001)。
  (编译源文件“/src/Layer.cpp”)
  
C:\Users\LLY\Documents\VSProject\KEngine\KEngine\src\Events\Event.h(1,1): warning C4828: 文件包含在偏移 0x6e2 处开始的字符，该字符在当前源字符集中无效(代码页 65001)。
  (编译源文件“/src/Layer.cpp”)
  
C:\Users\LLY\Documents\VSProject\KEngine\KEngine\src\Events\Event.h(1,1): warning C4828: 文件包含在偏移 0x6e3 处开始的字符，该字符在当前源字符集中无效(代码页 65001)。
  (编译源文件“/src/Layer.cpp”)
  
C:\Users\LLY\Documents\VSProject\KEngine\KEngine\src\Events\Event.h(1,1): warning C4828: 文件包含在偏移 0x6ea 处开始的字符，该字符在当前源字符集中无效(代码页 65001)。
  (编译源文件“/src/Layer.cpp”)
  
C:\Users\LLY\Documents\VSProject\KEngine\KEngine\src\Events\Event.h(1,1): warning C4828: 文件包含在偏移 0x6eb 处开始的字符，该字符在当前源字符集中无效(代码页 65001)。
  (编译源文件“/src/Layer.cpp”)
  
C:\Users\LLY\Documents\VSProject\KEngine\KEngine\src\Events\Event.h(1,1): warning C4828: 文件包含在偏移 0x6ee 处开始的字符，该字符在当前源字符集中无效(代码页 65001)。
  (编译源文件“/src/Layer.cpp”)
  
C:\Users\LLY\Documents\VSProject\KEngine\KEngine\src\Events\Event.h(1,1): warning C4828: 文件包含在偏移 0x6f0 处开始的字符，该字符在当前源字符集中无效(代码页 65001)。
  (编译源文件“/src/Layer.cpp”)
  
C:\Users\LLY\Documents\VSProject\KEngine\KEngine\src\Events\Event.h(1,1): warning C4828: 文件包含在偏移 0x6f1 处开始的字符，该字符在当前源字符集中无效(代码页 65001)。
  (编译源文件“/src/Layer.cpp”)
  
C:\Users\LLY\Documents\VSProject\KEngine\KEngine\src\Events\Event.h(1,1): warning C4828: 文件包含在偏移 0x6f6 处开始的字符，该字符在当前源字符集中无效(代码页 65001)。
  (编译源文件“/src/Layer.cpp”)
  
C:\Users\LLY\Documents\VSProject\KEngine\KEngine\src\Events\Event.h(1,1): warning C4828: 文件包含在偏移 0x6f7 处开始的字符，该字符在当前源字符集中无效(代码页 65001)。
  (编译源文件“/src/Layer.cpp”)
  
C:\Users\LLY\Documents\VSProject\KEngine\KEngine\src\Events\Event.h(1,1): warning C4828: 文件包含在偏移 0x6f8 处开始的字符，该字符在当前源字符集中无效(代码页 65001)。
  (编译源文件“/src/Layer.cpp”)
  
C:\Users\LLY\Documents\VSProject\KEngine\KEngine\src\Events\Event.h(1,1): warning C4828: 文件包含在偏移 0x6fa 处开始的字符，该字符在当前源字符集中无效(代码页 65001)。
  (编译源文件“/src/Layer.cpp”)
  
C:\Users\LLY\Documents\VSProject\KEngine\KEngine\src\Events\Event.h(1,1): warning C4828: 文件包含在偏移 0x6fc 处开始的字符，该字符在当前源字符集中无效(代码页 65001)。
  (编译源文件“/src/Layer.cpp”)
  
C:\Users\LLY\Documents\VSProject\KEngine\KEngine\src\Events\Event.h(1,1): warning C4828: 文件包含在偏移 0x6fd 处开始的字符，该字符在当前源字符集中无效(代码页 65001)。
  (编译源文件“/src/Layer.cpp”)
  
C:\Users\LLY\Documents\VSProject\KEngine\KEngine\src\Events\Event.h(1,1): warning C4828: 文件包含在偏移 0x6fe 处开始的字符，该字符在当前源字符集中无效(代码页 65001)。
  (编译源文件“/src/Layer.cpp”)
  
C:\Users\LLY\Documents\VSProject\KEngine\KEngine\src\Events\Event.h(1,1): warning C4828: 文件包含在偏移 0x700 处开始的字符，该字符在当前源字符集中无效(代码页 65001)。
  (编译源文件“/src/Layer.cpp”)
  
C:\Users\LLY\Documents\VSProject\KEngine\KEngine\src\Events\Event.h(1,1): warning C4828: 文件包含在偏移 0x703 处开始的字符，该字符在当前源字符集中无效(代码页 65001)。
  (编译源文件“/src/Layer.cpp”)
  
C:\Users\LLY\Documents\VSProject\KEngine\KEngine\src\Events\Event.h(1,1): warning C4828: 文件包含在偏移 0x707 处开始的字符，该字符在当前源字符集中无效(代码页 65001)。
  (编译源文件“/src/Layer.cpp”)
  
C:\Users\LLY\Documents\VSProject\KEngine\KEngine\src\Events\Event.h(1,1): warning C4828: 文件包含在偏移 0x708 处开始的字符，该字符在当前源字符集中无效(代码页 65001)。
  (编译源文件“/src/Layer.cpp”)
  
C:\Users\LLY\Documents\VSProject\KEngine\KEngine\src\Events\Event.h(1,1): warning C4828: 文件包含在偏移 0x709 处开始的字符，该字符在当前源字符集中无效(代码页 65001)。
  (编译源文件“/src/Layer.cpp”)
  
C:\Users\LLY\Documents\VSProject\KEngine\KEngine\src\Events\Event.h(1,1): warning C4828: 文件包含在偏移 0x769 处开始的字符，该字符在当前源字符集中无效(代码页 65001)。
  (编译源文件“/src/Layer.cpp”)
  
C:\Users\LLY\Documents\VSProject\KEngine\KEngine\src\Events\Event.h(1,1): warning C4828: 文件包含在偏移 0x76b 处开始的字符，该字符在当前源字符集中无效(代码页 65001)。
  (编译源文件“/src/Layer.cpp”)
  
C:\Users\LLY\Documents\VSProject\KEngine\KEngine\src\Events\Event.h(1,1): warning C4828: 文件包含在偏移 0x76c 处开始的字符，该字符在当前源字符集中无效(代码页 65001)。
  (编译源文件“/src/Layer.cpp”)
  
C:\Users\LLY\Documents\VSProject\KEngine\KEngine\src\Events\Event.h(1,1): warning C4828: 文件包含在偏移 0x76f 处开始的字符，该字符在当前源字符集中无效(代码页 65001)。
  (编译源文件“/src/Layer.cpp”)
  
C:\Users\LLY\Documents\VSProject\KEngine\KEngine\src\Events\Event.h(1,1): warning C4828: 文件包含在偏移 0x773 处开始的字符，该字符在当前源字符集中无效(代码页 65001)。
  (编译源文件“/src/Layer.cpp”)
  
C:\Users\LLY\Documents\VSProject\KEngine\KEngine\src\Events\Event.h(1,1): warning C4828: 文件包含在偏移 0x774 处开始的字符，该字符在当前源字符集中无效(代码页 65001)。
  (编译源文件“/src/Layer.cpp”)
  
C:\Users\LLY\Documents\VSProject\KEngine\KEngine\src\Events\Event.h(1,1): warning C4828: 文件包含在偏移 0x778 处开始的字符，该字符在当前源字符集中无效(代码页 65001)。
  (编译源文件“/src/Layer.cpp”)
  
C:\Users\LLY\Documents\VSProject\KEngine\KEngine\src\Layer.h(24,15): warning C4251: “KEngine::Layer::m_DebugName”:“std::basic_string<char,std::char_traits<char>,std::allocator<char>>”需要有 dll 接口以供“KEngine::Layer”的客户端使用
  (编译源文件“/src/Layer.cpp”)
      C:\Program Files\Microsoft Visual Studio\2022\Community\VC\Tools\MSVC\14.44.35207\include\xstring(541,7):
      参见“std::basic_string<char,std::char_traits<char>,std::allocator<char>>”的声明
  
  LayerStack.cpp
C:\Users\LLY\Documents\VSProject\KEngine\KEngine\src\Events\Event.h(1,1): warning C4828: 文件包含在偏移 0x46 处开始的字符，该字符在当前源字符集中无效(代码页 65001)。
  (编译源文件“/src/LayerStack.cpp”)
  
C:\Users\LLY\Documents\VSProject\KEngine\KEngine\src\Events\Event.h(1,1): warning C4828: 文件包含在偏移 0x48 处开始的字符，该字符在当前源字符集中无效(代码页 65001)。
  (编译源文件“/src/LayerStack.cpp”)
  
C:\Users\LLY\Documents\VSProject\KEngine\KEngine\src\Events\Event.h(1,1): warning C4828: 文件包含在偏移 0x49 处开始的字符，该字符在当前源字符集中无效(代码页 65001)。
  (编译源文件“/src/LayerStack.cpp”)
  
C:\Users\LLY\Documents\VSProject\KEngine\KEngine\src\Events\Event.h(1,1): warning C4828: 文件包含在偏移 0x4c 处开始的字符，该字符在当前源字符集中无效(代码页 65001)。
  (编译源文件“/src/LayerStack.cpp”)
  
C:\Users\LLY\Documents\VSProject\KEngine\KEngine\src\Events\Event.h(1,1): warning C4828: 文件包含在偏移 0x4d 处开始的字符，该字符在当前源字符集中无效(代码页 65001)。
  (编译源文件“/src/LayerStack.cpp”)
  
C:\Users\LLY\Documents\VSProject\KEngine\KEngine\src\Events\Event.h(1,1): warning C4828: 文件包含在偏移 0x4e 处开始的字符，该字符在当前源字符集中无效(代码页 65001)。
  (编译源文件“/src/LayerStack.cpp”)
  
C:\Users\LLY\Documents\VSProject\KEngine\KEngine\src\Events\Event.h(1,1): warning C4828: 文件包含在偏移 0x50 处开始的字符，该字符在当前源字符集中无效(代码页 65001)。
  (编译源文件“/src/LayerStack.cpp”)
  
C:\Users\LLY\Documents\VSProject\KEngine\KEngine\src\Events\Event.h(1,1): warning C4828: 文件包含在偏移 0x51 处开始的字符，该字符在当前源字符集中无效(代码页 65001)。
  (编译源文件“/src/LayerStack.cpp”)
  
C:\Users\LLY\Documents\VSProject\KEngine\KEngine\src\Events\Event.h(1,1): warning C4828: 文件包含在偏移 0x53 处开始的字符，该字符在当前源字符集中无效(代码页 65001)。
  (编译源文件“/src/LayerStack.cpp”)
  
C:\Users\LLY\Documents\VSProject\KEngine\KEngine\src\Events\Event.h(1,1): warning C4828: 文件包含在偏移 0x54 处开始的字符，该字符在当前源字符集中无效(代码页 65001)。
  (编译源文件“/src/LayerStack.cpp”)
  
C:\Users\LLY\Documents\VSProject\KEngine\KEngine\src\Events\Event.h(1,1): warning C4828: 文件包含在偏移 0x55 处开始的字符，该字符在当前源字符集中无效(代码页 65001)。
  (编译源文件“/src/LayerStack.cpp”)
  
C:\Users\LLY\Documents\VSProject\KEngine\KEngine\src\Events\Event.h(1,1): warning C4828: 文件包含在偏移 0x56 处开始的字符，该字符在当前源字符集中无效(代码页 65001)。
  (编译源文件“/src/LayerStack.cpp”)
  
C:\Users\LLY\Documents\VSProject\KEngine\KEngine\src\Events\Event.h(1,1): warning C4828: 文件包含在偏移 0x59 处开始的字符，该字符在当前源字符集中无效(代码页 65001)。
  (编译源文件“/src/LayerStack.cpp”)
  
C:\Users\LLY\Documents\VSProject\KEngine\KEngine\src\Events\Event.h(1,1): warning C4828: 文件包含在偏移 0x5d 处开始的字符，该字符在当前源字符集中无效(代码页 65001)。
  (编译源文件“/src/LayerStack.cpp”)
  
C:\Users\LLY\Documents\VSProject\KEngine\KEngine\src\Events\Event.h(1,1): warning C4828: 文件包含在偏移 0x5e 处开始的字符，该字符在当前源字符集中无效(代码页 65001)。
  (编译源文件“/src/LayerStack.cpp”)
  
C:\Users\LLY\Documents\VSProject\KEngine\KEngine\src\Events\Event.h(1,1): warning C4828: 文件包含在偏移 0x5f 处开始的字符，该字符在当前源字符集中无效(代码页 65001)。
  (编译源文件“/src/LayerStack.cpp”)
  
C:\Users\LLY\Documents\VSProject\KEngine\KEngine\src\Events\Event.h(1,1): warning C4828: 文件包含在偏移 0x61 处开始的字符，该字符在当前源字符集中无效(代码页 65001)。
  (编译源文件“/src/LayerStack.cpp”)
  
C:\Users\LLY\Documents\VSProject\KEngine\KEngine\src\Events\Event.h(1,1): warning C4828: 文件包含在偏移 0x3b8 处开始的字符，该字符在当前源字符集中无效(代码页 65001)。
  (编译源文件“/src/LayerStack.cpp”)
  
C:\Users\LLY\Documents\VSProject\KEngine\KEngine\src\Events\Event.h(1,1): warning C4828: 文件包含在偏移 0x3ba 处开始的字符，该字符在当前源字符集中无效(代码页 65001)。
  (编译源文件“/src/LayerStack.cpp”)
  
C:\Users\LLY\Documents\VSProject\KEngine\KEngine\src\Events\Event.h(1,1): warning C4828: 文件包含在偏移 0x3bb 处开始的字符，该字符在当前源字符集中无效(代码页 65001)。
  (编译源文件“/src/LayerStack.cpp”)
  
C:\Users\LLY\Documents\VSProject\KEngine\KEngine\src\Events\Event.h(1,1): warning C4828: 文件包含在偏移 0x3c0 处开始的字符，该字符在当前源字符集中无效(代码页 65001)。
  (编译源文件“/src/LayerStack.cpp”)
  
C:\Users\LLY\Documents\VSProject\KEngine\KEngine\src\Events\Event.h(1,1): warning C4828: 文件包含在偏移 0x3c1 处开始的字符，该字符在当前源字符集中无效(代码页 65001)。
  (编译源文件“/src/LayerStack.cpp”)
  
C:\Users\LLY\Documents\VSProject\KEngine\KEngine\src\Events\Event.h(1,1): warning C4828: 文件包含在偏移 0x3c2 处开始的字符，该字符在当前源字符集中无效(代码页 65001)。
  (编译源文件“/src/LayerStack.cpp”)
  
C:\Users\LLY\Documents\VSProject\KEngine\KEngine\src\Events\Event.h(1,1): warning C4828: 文件包含在偏移 0x3c6 处开始的字符，该字符在当前源字符集中无效(代码页 65001)。
  (编译源文件“/src/LayerStack.cpp”)
  
C:\Users\LLY\Documents\VSProject\KEngine\KEngine\src\Events\Event.h(1,1): warning C4828: 文件包含在偏移 0x3ca 处开始的字符，该字符在当前源字符集中无效(代码页 65001)。
  (编译源文件“/src/LayerStack.cpp”)
  
C:\Users\LLY\Documents\VSProject\KEngine\KEngine\src\Events\Event.h(1,1): warning C4828: 文件包含在偏移 0x3ce 处开始的字符，该字符在当前源字符集中无效(代码页 65001)。
  (编译源文件“/src/LayerStack.cpp”)
  
C:\Users\LLY\Documents\VSProject\KEngine\KEngine\src\Events\Event.h(1,1): warning C4828: 文件包含在偏移 0x3d0 处开始的字符，该字符在当前源字符集中无效(代码页 65001)。
  (编译源文件“/src/LayerStack.cpp”)
  
C:\Users\LLY\Documents\VSProject\KEngine\KEngine\src\Events\Event.h(1,1): warning C4828: 文件包含在偏移 0x3d1 处开始的字符，该字符在当前源字符集中无效(代码页 65001)。
  (编译源文件“/src/LayerStack.cpp”)
  
C:\Users\LLY\Documents\VSProject\KEngine\KEngine\src\Events\Event.h(1,1): warning C4828: 文件包含在偏移 0x3d2 处开始的字符，该字符在当前源字符集中无效(代码页 65001)。
  (编译源文件“/src/LayerStack.cpp”)
  
C:\Users\LLY\Documents\VSProject\KEngine\KEngine\src\Events\Event.h(1,1): warning C4828: 文件包含在偏移 0x3d3 处开始的字符，该字符在当前源字符集中无效(代码页 65001)。
  (编译源文件“/src/LayerStack.cpp”)
  
C:\Users\LLY\Documents\VSProject\KEngine\KEngine\src\Events\Event.h(1,1): warning C4828: 文件包含在偏移 0x3d5 处开始的字符，该字符在当前源字符集中无效(代码页 65001)。
  (编译源文件“/src/LayerStack.cpp”)
  
C:\Users\LLY\Documents\VSProject\KEngine\KEngine\src\Events\Event.h(1,1): warning C4828: 文件包含在偏移 0x3d7 处开始的字符，该字符在当前源字符集中无效(代码页 65001)。
  (编译源文件“/src/LayerStack.cpp”)
  
C:\Users\LLY\Documents\VSProject\KEngine\KEngine\src\Events\Event.h(1,1): warning C4828: 文件包含在偏移 0x3db 处开始的字符，该字符在当前源字符集中无效(代码页 65001)。
  (编译源文件“/src/LayerStack.cpp”)
  
C:\Users\LLY\Documents\VSProject\KEngine\KEngine\src\Events\Event.h(1,1): warning C4828: 文件包含在偏移 0x3de 处开始的字符，该字符在当前源字符集中无效(代码页 65001)。
  (编译源文件“/src/LayerStack.cpp”)
  
C:\Users\LLY\Documents\VSProject\KEngine\KEngine\src\Events\Event.h(1,1): warning C4828: 文件包含在偏移 0x3df 处开始的字符，该字符在当前源字符集中无效(代码页 65001)。
  (编译源文件“/src/LayerStack.cpp”)
  
C:\Users\LLY\Documents\VSProject\KEngine\KEngine\src\Events\Event.h(1,1): warning C4828: 文件包含在偏移 0x450 处开始的字符，该字符在当前源字符集中无效(代码页 65001)。
  (编译源文件“/src/LayerStack.cpp”)
  
C:\Users\LLY\Documents\VSProject\KEngine\KEngine\src\Events\Event.h(1,1): warning C4828: 文件包含在偏移 0x452 处开始的字符，该字符在当前源字符集中无效(代码页 65001)。
  (编译源文件“/src/LayerStack.cpp”)
  
C:\Users\LLY\Documents\VSProject\KEngine\KEngine\src\Events\Event.h(1,1): warning C4828: 文件包含在偏移 0x453 处开始的字符，该字符在当前源字符集中无效(代码页 65001)。
  (编译源文件“/src/LayerStack.cpp”)
  
C:\Users\LLY\Documents\VSProject\KEngine\KEngine\src\Events\Event.h(1,1): warning C4828: 文件包含在偏移 0x454 处开始的字符，该字符在当前源字符集中无效(代码页 65001)。
  (编译源文件“/src/LayerStack.cpp”)
  
C:\Users\LLY\Documents\VSProject\KEngine\KEngine\src\Events\Event.h(1,1): warning C4828: 文件包含在偏移 0x456 处开始的字符，该字符在当前源字符集中无效(代码页 65001)。
  (编译源文件“/src/LayerStack.cpp”)
  
C:\Users\LLY\Documents\VSProject\KEngine\KEngine\src\Events\Event.h(1,1): warning C4828: 文件包含在偏移 0x45b 处开始的字符，该字符在当前源字符集中无效(代码页 65001)。
  (编译源文件“/src/LayerStack.cpp”)
  
C:\Users\LLY\Documents\VSProject\KEngine\KEngine\src\Events\Event.h(1,1): warning C4828: 文件包含在偏移 0x45c 处开始的字符，该字符在当前源字符集中无效(代码页 65001)。
  (编译源文件“/src/LayerStack.cpp”)
  
C:\Users\LLY\Documents\VSProject\KEngine\KEngine\src\Events\Event.h(1,1): warning C4828: 文件包含在偏移 0x45d 处开始的字符，该字符在当前源字符集中无效(代码页 65001)。
  (编译源文件“/src/LayerStack.cpp”)
  
C:\Users\LLY\Documents\VSProject\KEngine\KEngine\src\Events\Event.h(1,1): warning C4828: 文件包含在偏移 0x490 处开始的字符，该字符在当前源字符集中无效(代码页 65001)。
  (编译源文件“/src/LayerStack.cpp”)
  
C:\Users\LLY\Documents\VSProject\KEngine\KEngine\src\Events\Event.h(1,1): warning C4828: 文件包含在偏移 0x492 处开始的字符，该字符在当前源字符集中无效(代码页 65001)。
  (编译源文件“/src/LayerStack.cpp”)
  
C:\Users\LLY\Documents\VSProject\KEngine\KEngine\src\Events\Event.h(1,1): warning C4828: 文件包含在偏移 0x493 处开始的字符，该字符在当前源字符集中无效(代码页 65001)。
  (编译源文件“/src/LayerStack.cpp”)
  
C:\Users\LLY\Documents\VSProject\KEngine\KEngine\src\Events\Event.h(1,1): warning C4828: 文件包含在偏移 0x498 处开始的字符，该字符在当前源字符集中无效(代码页 65001)。
  (编译源文件“/src/LayerStack.cpp”)
  
C:\Users\LLY\Documents\VSProject\KEngine\KEngine\src\Events\Event.h(1,1): warning C4828: 文件包含在偏移 0x49b 处开始的字符，该字符在当前源字符集中无效(代码页 65001)。
  (编译源文件“/src/LayerStack.cpp”)
  
C:\Users\LLY\Documents\VSProject\KEngine\KEngine\src\Events\Event.h(1,1): warning C4828: 文件包含在偏移 0x49c 处开始的字符，该字符在当前源字符集中无效(代码页 65001)。
  (编译源文件“/src/LayerStack.cpp”)
  
C:\Users\LLY\Documents\VSProject\KEngine\KEngine\src\Events\Event.h(1,1): warning C4828: 文件包含在偏移 0x49e 处开始的字符，该字符在当前源字符集中无效(代码页 65001)。
  (编译源文件“/src/LayerStack.cpp”)
  
C:\Users\LLY\Documents\VSProject\KEngine\KEngine\src\Events\Event.h(1,1): warning C4828: 文件包含在偏移 0x49f 处开始的字符，该字符在当前源字符集中无效(代码页 65001)。
  (编译源文件“/src/LayerStack.cpp”)
  
C:\Users\LLY\Documents\VSProject\KEngine\KEngine\src\Events\Event.h(1,1): warning C4828: 文件包含在偏移 0x4a2 处开始的字符，该字符在当前源字符集中无效(代码页 65001)。
  (编译源文件“/src/LayerStack.cpp”)
  
C:\Users\LLY\Documents\VSProject\KEngine\KEngine\src\Events\Event.h(1,1): warning C4828: 文件包含在偏移 0x4a3 处开始的字符，该字符在当前源字符集中无效(代码页 65001)。
  (编译源文件“/src/LayerStack.cpp”)
  
C:\Users\LLY\Documents\VSProject\KEngine\KEngine\src\Events\Event.h(1,1): warning C4828: 文件包含在偏移 0x4a6 处开始的字符，该字符在当前源字符集中无效(代码页 65001)。
  (编译源文件“/src/LayerStack.cpp”)
  
C:\Users\LLY\Documents\VSProject\KEngine\KEngine\src\Events\Event.h(1,1): warning C4828: 文件包含在偏移 0x4a8 处开始的字符，该字符在当前源字符集中无效(代码页 65001)。
  (编译源文件“/src/LayerStack.cpp”)
  
C:\Users\LLY\Documents\VSProject\KEngine\KEngine\src\Events\Event.h(1,1): warning C4828: 文件包含在偏移 0x4aa 处开始的字符，该字符在当前源字符集中无效(代码页 65001)。
  (编译源文件“/src/LayerStack.cpp”)
  
C:\Users\LLY\Documents\VSProject\KEngine\KEngine\src\Events\Event.h(1,1): warning C4828: 文件包含在偏移 0x4ab 处开始的字符，该字符在当前源字符集中无效(代码页 65001)。
  (编译源文件“/src/LayerStack.cpp”)
  
C:\Users\LLY\Documents\VSProject\KEngine\KEngine\src\Events\Event.h(1,1): warning C4828: 文件包含在偏移 0x4ac 处开始的字符，该字符在当前源字符集中无效(代码页 65001)。
  (编译源文件“/src/LayerStack.cpp”)
  
C:\Users\LLY\Documents\VSProject\KEngine\KEngine\src\Events\Event.h(1,1): warning C4828: 文件包含在偏移 0x4ad 处开始的字符，该字符在当前源字符集中无效(代码页 65001)。
  (编译源文件“/src/LayerStack.cpp”)
  
C:\Users\LLY\Documents\VSProject\KEngine\KEngine\src\Events\Event.h(1,1): warning C4828: 文件包含在偏移 0x4b1 处开始的字符，该字符在当前源字符集中无效(代码页 65001)。
  (编译源文件“/src/LayerStack.cpp”)
  
C:\Users\LLY\Documents\VSProject\KEngine\KEngine\src\Events\Event.h(1,1): warning C4828: 文件包含在偏移 0x54a 处开始的字符，该字符在当前源字符集中无效(代码页 65001)。
  (编译源文件“/src/LayerStack.cpp”)
  
C:\Users\LLY\Documents\VSProject\KEngine\KEngine\src\Events\Event.h(1,1): warning C4828: 文件包含在偏移 0x54c 处开始的字符，该字符在当前源字符集中无效(代码页 65001)。
  (编译源文件“/src/LayerStack.cpp”)
  
C:\Users\LLY\Documents\VSProject\KEngine\KEngine\src\Events\Event.h(1,1): warning C4828: 文件包含在偏移 0x54d 处开始的字符，该字符在当前源字符集中无效(代码页 65001)。
  (编译源文件“/src/LayerStack.cpp”)
  
C:\Users\LLY\Documents\VSProject\KEngine\KEngine\src\Events\Event.h(1,1): warning C4828: 文件包含在偏移 0x556 处开始的字符，该字符在当前源字符集中无效(代码页 65001)。
  (编译源文件“/src/LayerStack.cpp”)
  
C:\Users\LLY\Documents\VSProject\KEngine\KEngine\src\Events\Event.h(1,1): warning C4828: 文件包含在偏移 0x558 处开始的字符，该字符在当前源字符集中无效(代码页 65001)。
  (编译源文件“/src/LayerStack.cpp”)
  
C:\Users\LLY\Documents\VSProject\KEngine\KEngine\src\Events\Event.h(1,1): warning C4828: 文件包含在偏移 0x55a 处开始的字符，该字符在当前源字符集中无效(代码页 65001)。
  (编译源文件“/src/LayerStack.cpp”)
  
C:\Users\LLY\Documents\VSProject\KEngine\KEngine\src\Events\Event.h(1,1): warning C4828: 文件包含在偏移 0x55c 处开始的字符，该字符在当前源字符集中无效(代码页 65001)。
  (编译源文件“/src/LayerStack.cpp”)
  
C:\Users\LLY\Documents\VSProject\KEngine\KEngine\src\Events\Event.h(1,1): warning C4828: 文件包含在偏移 0x55d 处开始的字符，该字符在当前源字符集中无效(代码页 65001)。
  (编译源文件“/src/LayerStack.cpp”)
  
C:\Users\LLY\Documents\VSProject\KEngine\KEngine\src\Events\Event.h(1,1): warning C4828: 文件包含在偏移 0x6e0 处开始的字符，该字符在当前源字符集中无效(代码页 65001)。
  (编译源文件“/src/LayerStack.cpp”)
  
C:\Users\LLY\Documents\VSProject\KEngine\KEngine\src\Events\Event.h(1,1): warning C4828: 文件包含在偏移 0x6e2 处开始的字符，该字符在当前源字符集中无效(代码页 65001)。
  (编译源文件“/src/LayerStack.cpp”)
  
C:\Users\LLY\Documents\VSProject\KEngine\KEngine\src\Events\Event.h(1,1): warning C4828: 文件包含在偏移 0x6e3 处开始的字符，该字符在当前源字符集中无效(代码页 65001)。
  (编译源文件“/src/LayerStack.cpp”)
  
C:\Users\LLY\Documents\VSProject\KEngine\KEngine\src\Events\Event.h(1,1): warning C4828: 文件包含在偏移 0x6ea 处开始的字符，该字符在当前源字符集中无效(代码页 65001)。
  (编译源文件“/src/LayerStack.cpp”)
  
C:\Users\LLY\Documents\VSProject\KEngine\KEngine\src\Events\Event.h(1,1): warning C4828: 文件包含在偏移 0x6eb 处开始的字符，该字符在当前源字符集中无效(代码页 65001)。
  (编译源文件“/src/LayerStack.cpp”)
  
C:\Users\LLY\Documents\VSProject\KEngine\KEngine\src\Events\Event.h(1,1): warning C4828: 文件包含在偏移 0x6ee 处开始的字符，该字符在当前源字符集中无效(代码页 65001)。
  (编译源文件“/src/LayerStack.cpp”)
  
C:\Users\LLY\Documents\VSProject\KEngine\KEngine\src\Events\Event.h(1,1): warning C4828: 文件包含在偏移 0x6f0 处开始的字符，该字符在当前源字符集中无效(代码页 65001)。
  (编译源文件“/src/LayerStack.cpp”)
  
C:\Users\LLY\Documents\VSProject\KEngine\KEngine\src\Events\Event.h(1,1): warning C4828: 文件包含在偏移 0x6f1 处开始的字符，该字符在当前源字符集中无效(代码页 65001)。
  (编译源文件“/src/LayerStack.cpp”)
  
C:\Users\LLY\Documents\VSProject\KEngine\KEngine\src\Events\Event.h(1,1): warning C4828: 文件包含在偏移 0x6f6 处开始的字符，该字符在当前源字符集中无效(代码页 65001)。
  (编译源文件“/src/LayerStack.cpp”)
  
C:\Users\LLY\Documents\VSProject\KEngine\KEngine\src\Events\Event.h(1,1): warning C4828: 文件包含在偏移 0x6f7 处开始的字符，该字符在当前源字符集中无效(代码页 65001)。
  (编译源文件“/src/LayerStack.cpp”)
  
C:\Users\LLY\Documents\VSProject\KEngine\KEngine\src\Events\Event.h(1,1): warning C4828: 文件包含在偏移 0x6f8 处开始的字符，该字符在当前源字符集中无效(代码页 65001)。
  (编译源文件“/src/LayerStack.cpp”)
  
C:\Users\LLY\Documents\VSProject\KEngine\KEngine\src\Events\Event.h(1,1): warning C4828: 文件包含在偏移 0x6fa 处开始的字符，该字符在当前源字符集中无效(代码页 65001)。
  (编译源文件“/src/LayerStack.cpp”)
  
C:\Users\LLY\Documents\VSProject\KEngine\KEngine\src\Events\Event.h(1,1): warning C4828: 文件包含在偏移 0x6fc 处开始的字符，该字符在当前源字符集中无效(代码页 65001)。
  (编译源文件“/src/LayerStack.cpp”)
  
C:\Users\LLY\Documents\VSProject\KEngine\KEngine\src\Events\Event.h(1,1): warning C4828: 文件包含在偏移 0x6fd 处开始的字符，该字符在当前源字符集中无效(代码页 65001)。
  (编译源文件“/src/LayerStack.cpp”)
  
C:\Users\LLY\Documents\VSProject\KEngine\KEngine\src\Events\Event.h(1,1): warning C4828: 文件包含在偏移 0x6fe 处开始的字符，该字符在当前源字符集中无效(代码页 65001)。
  (编译源文件“/src/LayerStack.cpp”)
  
C:\Users\LLY\Documents\VSProject\KEngine\KEngine\src\Events\Event.h(1,1): warning C4828: 文件包含在偏移 0x700 处开始的字符，该字符在当前源字符集中无效(代码页 65001)。
  (编译源文件“/src/LayerStack.cpp”)
  
C:\Users\LLY\Documents\VSProject\KEngine\KEngine\src\Events\Event.h(1,1): warning C4828: 文件包含在偏移 0x703 处开始的字符，该字符在当前源字符集中无效(代码页 65001)。
  (编译源文件“/src/LayerStack.cpp”)
  
C:\Users\LLY\Documents\VSProject\KEngine\KEngine\src\Events\Event.h(1,1): warning C4828: 文件包含在偏移 0x707 处开始的字符，该字符在当前源字符集中无效(代码页 65001)。
  (编译源文件“/src/LayerStack.cpp”)
  
C:\Users\LLY\Documents\VSProject\KEngine\KEngine\src\Events\Event.h(1,1): warning C4828: 文件包含在偏移 0x708 处开始的字符，该字符在当前源字符集中无效(代码页 65001)。
  (编译源文件“/src/LayerStack.cpp”)
  
C:\Users\LLY\Documents\VSProject\KEngine\KEngine\src\Events\Event.h(1,1): warning C4828: 文件包含在偏移 0x709 处开始的字符，该字符在当前源字符集中无效(代码页 65001)。
  (编译源文件“/src/LayerStack.cpp”)
  
C:\Users\LLY\Documents\VSProject\KEngine\KEngine\src\Events\Event.h(1,1): warning C4828: 文件包含在偏移 0x769 处开始的字符，该字符在当前源字符集中无效(代码页 65001)。
  (编译源文件“/src/LayerStack.cpp”)
  
C:\Users\LLY\Documents\VSProject\KEngine\KEngine\src\Events\Event.h(1,1): warning C4828: 文件包含在偏移 0x76b 处开始的字符，该字符在当前源字符集中无效(代码页 65001)。
  (编译源文件“/src/LayerStack.cpp”)
  
C:\Users\LLY\Documents\VSProject\KEngine\KEngine\src\Events\Event.h(1,1): warning C4828: 文件包含在偏移 0x76c 处开始的字符，该字符在当前源字符集中无效(代码页 65001)。
  (编译源文件“/src/LayerStack.cpp”)
  
C:\Users\LLY\Documents\VSProject\KEngine\KEngine\src\Events\Event.h(1,1): warning C4828: 文件包含在偏移 0x76f 处开始的字符，该字符在当前源字符集中无效(代码页 65001)。
  (编译源文件“/src/LayerStack.cpp”)
  
C:\Users\LLY\Documents\VSProject\KEngine\KEngine\src\Events\Event.h(1,1): warning C4828: 文件包含在偏移 0x773 处开始的字符，该字符在当前源字符集中无效(代码页 65001)。
  (编译源文件“/src/LayerStack.cpp”)
  
C:\Users\LLY\Documents\VSProject\KEngine\KEngine\src\Events\Event.h(1,1): warning C4828: 文件包含在偏移 0x774 处开始的字符，该字符在当前源字符集中无效(代码页 65001)。
  (编译源文件“/src/LayerStack.cpp”)
  
C:\Users\LLY\Documents\VSProject\KEngine\KEngine\src\Events\Event.h(1,1): warning C4828: 文件包含在偏移 0x778 处开始的字符，该字符在当前源字符集中无效(代码页 65001)。
  (编译源文件“/src/LayerStack.cpp”)
  
C:\Users\LLY\Documents\VSProject\KEngine\KEngine\src\Layer.h(24,15): warning C4251: “KEngine::Layer::m_DebugName”:“std::basic_string<char,std::char_traits<char>,std::allocator<char>>”需要有 dll 接口以供“KEngine::Layer”的客户端使用
  (编译源文件“/src/LayerStack.cpp”)
      C:\Program Files\Microsoft Visual Studio\2022\Community\VC\Tools\MSVC\14.44.35207\include\xstring(541,7):
      参见“std::basic_string<char,std::char_traits<char>,std::allocator<char>>”的声明
  
C:\Users\LLY\Documents\VSProject\KEngine\KEngine\src\LayerStack.h(22,23): warning C4251: “KEngine::LayerStack::m_Layers”:“std::vector<KEngine::Layer *,std::allocator<KEngine::Layer *>>”需要有 dll 接口以供“KEngine::LayerStack”的客户端使用
  (编译源文件“/src/LayerStack.cpp”)
      C:\Program Files\Microsoft Visual Studio\2022\Community\VC\Tools\MSVC\14.44.35207\include\vector(442,7):
      参见“std::vector<KEngine::Layer *,std::allocator<KEngine::Layer *>>”的声明
  
  WindowsInput.cpp
C:\Users\LLY\Documents\VSProject\KEngine\KEngine\src\Events\Event.h(1,1): warning C4828: 文件包含在偏移 0x46 处开始的字符，该字符在当前源字符集中无效(代码页 65001)。
  (编译源文件“/src/Platforms/Windows/WindowsInput.cpp”)
  
C:\Users\LLY\Documents\VSProject\KEngine\KEngine\src\Events\Event.h(1,1): warning C4828: 文件包含在偏移 0x48 处开始的字符，该字符在当前源字符集中无效(代码页 65001)。
  (编译源文件“/src/Platforms/Windows/WindowsInput.cpp”)
  
C:\Users\LLY\Documents\VSProject\KEngine\KEngine\src\Events\Event.h(1,1): warning C4828: 文件包含在偏移 0x49 处开始的字符，该字符在当前源字符集中无效(代码页 65001)。
  (编译源文件“/src/Platforms/Windows/WindowsInput.cpp”)
  
C:\Users\LLY\Documents\VSProject\KEngine\KEngine\src\Events\Event.h(1,1): warning C4828: 文件包含在偏移 0x4c 处开始的字符，该字符在当前源字符集中无效(代码页 65001)。
  (编译源文件“/src/Platforms/Windows/WindowsInput.cpp”)
  
C:\Users\LLY\Documents\VSProject\KEngine\KEngine\src\Events\Event.h(1,1): warning C4828: 文件包含在偏移 0x4d 处开始的字符，该字符在当前源字符集中无效(代码页 65001)。
  (编译源文件“/src/Platforms/Windows/WindowsInput.cpp”)
  
C:\Users\LLY\Documents\VSProject\KEngine\KEngine\src\Events\Event.h(1,1): warning C4828: 文件包含在偏移 0x4e 处开始的字符，该字符在当前源字符集中无效(代码页 65001)。
  (编译源文件“/src/Platforms/Windows/WindowsInput.cpp”)
  
C:\Users\LLY\Documents\VSProject\KEngine\KEngine\src\Events\Event.h(1,1): warning C4828: 文件包含在偏移 0x50 处开始的字符，该字符在当前源字符集中无效(代码页 65001)。
  (编译源文件“/src/Platforms/Windows/WindowsInput.cpp”)
  
C:\Users\LLY\Documents\VSProject\KEngine\KEngine\src\Events\Event.h(1,1): warning C4828: 文件包含在偏移 0x51 处开始的字符，该字符在当前源字符集中无效(代码页 65001)。
  (编译源文件“/src/Platforms/Windows/WindowsInput.cpp”)
  
C:\Users\LLY\Documents\VSProject\KEngine\KEngine\src\Events\Event.h(1,1): warning C4828: 文件包含在偏移 0x53 处开始的字符，该字符在当前源字符集中无效(代码页 65001)。
  (编译源文件“/src/Platforms/Windows/WindowsInput.cpp”)
  
C:\Users\LLY\Documents\VSProject\KEngine\KEngine\src\Events\Event.h(1,1): warning C4828: 文件包含在偏移 0x54 处开始的字符，该字符在当前源字符集中无效(代码页 65001)。
  (编译源文件“/src/Platforms/Windows/WindowsInput.cpp”)
  
C:\Users\LLY\Documents\VSProject\KEngine\KEngine\src\Events\Event.h(1,1): warning C4828: 文件包含在偏移 0x55 处开始的字符，该字符在当前源字符集中无效(代码页 65001)。
  (编译源文件“/src/Platforms/Windows/WindowsInput.cpp”)
  
C:\Users\LLY\Documents\VSProject\KEngine\KEngine\src\Events\Event.h(1,1): warning C4828: 文件包含在偏移 0x56 处开始的字符，该字符在当前源字符集中无效(代码页 65001)。
  (编译源文件“/src/Platforms/Windows/WindowsInput.cpp”)
  
C:\Users\LLY\Documents\VSProject\KEngine\KEngine\src\Events\Event.h(1,1): warning C4828: 文件包含在偏移 0x59 处开始的字符，该字符在当前源字符集中无效(代码页 65001)。
  (编译源文件“/src/Platforms/Windows/WindowsInput.cpp”)
  
C:\Users\LLY\Documents\VSProject\KEngine\KEngine\src\Events\Event.h(1,1): warning C4828: 文件包含在偏移 0x5d 处开始的字符，该字符在当前源字符集中无效(代码页 65001)。
  (编译源文件“/src/Platforms/Windows/WindowsInput.cpp”)
  
C:\Users\LLY\Documents\VSProject\KEngine\KEngine\src\Events\Event.h(1,1): warning C4828: 文件包含在偏移 0x5e 处开始的字符，该字符在当前源字符集中无效(代码页 65001)。
  (编译源文件“/src/Platforms/Windows/WindowsInput.cpp”)
  
C:\Users\LLY\Documents\VSProject\KEngine\KEngine\src\Events\Event.h(1,1): warning C4828: 文件包含在偏移 0x5f 处开始的字符，该字符在当前源字符集中无效(代码页 65001)。
  (编译源文件“/src/Platforms/Windows/WindowsInput.cpp”)
  
C:\Users\LLY\Documents\VSProject\KEngine\KEngine\src\Events\Event.h(1,1): warning C4828: 文件包含在偏移 0x61 处开始的字符，该字符在当前源字符集中无效(代码页 65001)。
  (编译源文件“/src/Platforms/Windows/WindowsInput.cpp”)
  
C:\Users\LLY\Documents\VSProject\KEngine\KEngine\src\Events\Event.h(1,1): warning C4828: 文件包含在偏移 0x3b8 处开始的字符，该字符在当前源字符集中无效(代码页 65001)。
  (编译源文件“/src/Platforms/Windows/WindowsInput.cpp”)
  
C:\Users\LLY\Documents\VSProject\KEngine\KEngine\src\Events\Event.h(1,1): warning C4828: 文件包含在偏移 0x3ba 处开始的字符，该字符在当前源字符集中无效(代码页 65001)。
  (编译源文件“/src/Platforms/Windows/WindowsInput.cpp”)
  
C:\Users\LLY\Documents\VSProject\KEngine\KEngine\src\Events\Event.h(1,1): warning C4828: 文件包含在偏移 0x3bb 处开始的字符，该字符在当前源字符集中无效(代码页 65001)。
  (编译源文件“/src/Platforms/Windows/WindowsInput.cpp”)
  
C:\Users\LLY\Documents\VSProject\KEngine\KEngine\src\Events\Event.h(1,1): warning C4828: 文件包含在偏移 0x3c0 处开始的字符，该字符在当前源字符集中无效(代码页 65001)。
  (编译源文件“/src/Platforms/Windows/WindowsInput.cpp”)
  
C:\Users\LLY\Documents\VSProject\KEngine\KEngine\src\Events\Event.h(1,1): warning C4828: 文件包含在偏移 0x3c1 处开始的字符，该字符在当前源字符集中无效(代码页 65001)。
  (编译源文件“/src/Platforms/Windows/WindowsInput.cpp”)
  
C:\Users\LLY\Documents\VSProject\KEngine\KEngine\src\Events\Event.h(1,1): warning C4828: 文件包含在偏移 0x3c2 处开始的字符，该字符在当前源字符集中无效(代码页 65001)。
  (编译源文件“/src/Platforms/Windows/WindowsInput.cpp”)
  
C:\Users\LLY\Documents\VSProject\KEngine\KEngine\src\Events\Event.h(1,1): warning C4828: 文件包含在偏移 0x3c6 处开始的字符，该字符在当前源字符集中无效(代码页 65001)。
  (编译源文件“/src/Platforms/Windows/WindowsInput.cpp”)
  
C:\Users\LLY\Documents\VSProject\KEngine\KEngine\src\Events\Event.h(1,1): warning C4828: 文件包含在偏移 0x3ca 处开始的字符，该字符在当前源字符集中无效(代码页 65001)。
  (编译源文件“/src/Platforms/Windows/WindowsInput.cpp”)
  
C:\Users\LLY\Documents\VSProject\KEngine\KEngine\src\Events\Event.h(1,1): warning C4828: 文件包含在偏移 0x3ce 处开始的字符，该字符在当前源字符集中无效(代码页 65001)。
  (编译源文件“/src/Platforms/Windows/WindowsInput.cpp”)
  
C:\Users\LLY\Documents\VSProject\KEngine\KEngine\src\Events\Event.h(1,1): warning C4828: 文件包含在偏移 0x3d0 处开始的字符，该字符在当前源字符集中无效(代码页 65001)。
  (编译源文件“/src/Platforms/Windows/WindowsInput.cpp”)
  
C:\Users\LLY\Documents\VSProject\KEngine\KEngine\src\Events\Event.h(1,1): warning C4828: 文件包含在偏移 0x3d1 处开始的字符，该字符在当前源字符集中无效(代码页 65001)。
  (编译源文件“/src/Platforms/Windows/WindowsInput.cpp”)
  
C:\Users\LLY\Documents\VSProject\KEngine\KEngine\src\Events\Event.h(1,1): warning C4828: 文件包含在偏移 0x3d2 处开始的字符，该字符在当前源字符集中无效(代码页 65001)。
  (编译源文件“/src/Platforms/Windows/WindowsInput.cpp”)
  
C:\Users\LLY\Documents\VSProject\KEngine\KEngine\src\Events\Event.h(1,1): warning C4828: 文件包含在偏移 0x3d3 处开始的字符，该字符在当前源字符集中无效(代码页 65001)。
  (编译源文件“/src/Platforms/Windows/WindowsInput.cpp”)
  
C:\Users\LLY\Documents\VSProject\KEngine\KEngine\src\Events\Event.h(1,1): warning C4828: 文件包含在偏移 0x3d5 处开始的字符，该字符在当前源字符集中无效(代码页 65001)。
  (编译源文件“/src/Platforms/Windows/WindowsInput.cpp”)
  
C:\Users\LLY\Documents\VSProject\KEngine\KEngine\src\Events\Event.h(1,1): warning C4828: 文件包含在偏移 0x3d7 处开始的字符，该字符在当前源字符集中无效(代码页 65001)。
  (编译源文件“/src/Platforms/Windows/WindowsInput.cpp”)
  
C:\Users\LLY\Documents\VSProject\KEngine\KEngine\src\Events\Event.h(1,1): warning C4828: 文件包含在偏移 0x3db 处开始的字符，该字符在当前源字符集中无效(代码页 65001)。
  (编译源文件“/src/Platforms/Windows/WindowsInput.cpp”)
  
C:\Users\LLY\Documents\VSProject\KEngine\KEngine\src\Events\Event.h(1,1): warning C4828: 文件包含在偏移 0x3de 处开始的字符，该字符在当前源字符集中无效(代码页 65001)。
  (编译源文件“/src/Platforms/Windows/WindowsInput.cpp”)
  
C:\Users\LLY\Documents\VSProject\KEngine\KEngine\src\Events\Event.h(1,1): warning C4828: 文件包含在偏移 0x3df 处开始的字符，该字符在当前源字符集中无效(代码页 65001)。
  (编译源文件“/src/Platforms/Windows/WindowsInput.cpp”)
  
C:\Users\LLY\Documents\VSProject\KEngine\KEngine\src\Events\Event.h(1,1): warning C4828: 文件包含在偏移 0x450 处开始的字符，该字符在当前源字符集中无效(代码页 65001)。
  (编译源文件“/src/Platforms/Windows/WindowsInput.cpp”)
  
C:\Users\LLY\Documents\VSProject\KEngine\KEngine\src\Events\Event.h(1,1): warning C4828: 文件包含在偏移 0x452 处开始的字符，该字符在当前源字符集中无效(代码页 65001)。
  (编译源文件“/src/Platforms/Windows/WindowsInput.cpp”)
  
C:\Users\LLY\Documents\VSProject\KEngine\KEngine\src\Events\Event.h(1,1): warning C4828: 文件包含在偏移 0x453 处开始的字符，该字符在当前源字符集中无效(代码页 65001)。
  (编译源文件“/src/Platforms/Windows/WindowsInput.cpp”)
  
C:\Users\LLY\Documents\VSProject\KEngine\KEngine\src\Events\Event.h(1,1): warning C4828: 文件包含在偏移 0x454 处开始的字符，该字符在当前源字符集中无效(代码页 65001)。
  (编译源文件“/src/Platforms/Windows/WindowsInput.cpp”)
  
C:\Users\LLY\Documents\VSProject\KEngine\KEngine\src\Events\Event.h(1,1): warning C4828: 文件包含在偏移 0x456 处开始的字符，该字符在当前源字符集中无效(代码页 65001)。
  (编译源文件“/src/Platforms/Windows/WindowsInput.cpp”)
  
C:\Users\LLY\Documents\VSProject\KEngine\KEngine\src\Events\Event.h(1,1): warning C4828: 文件包含在偏移 0x45b 处开始的字符，该字符在当前源字符集中无效(代码页 65001)。
  (编译源文件“/src/Platforms/Windows/WindowsInput.cpp”)
  
C:\Users\LLY\Documents\VSProject\KEngine\KEngine\src\Events\Event.h(1,1): warning C4828: 文件包含在偏移 0x45c 处开始的字符，该字符在当前源字符集中无效(代码页 65001)。
  (编译源文件“/src/Platforms/Windows/WindowsInput.cpp”)
  
C:\Users\LLY\Documents\VSProject\KEngine\KEngine\src\Events\Event.h(1,1): warning C4828: 文件包含在偏移 0x45d 处开始的字符，该字符在当前源字符集中无效(代码页 65001)。
  (编译源文件“/src/Platforms/Windows/WindowsInput.cpp”)
  
C:\Users\LLY\Documents\VSProject\KEngine\KEngine\src\Events\Event.h(1,1): warning C4828: 文件包含在偏移 0x490 处开始的字符，该字符在当前源字符集中无效(代码页 65001)。
  (编译源文件“/src/Platforms/Windows/WindowsInput.cpp”)
  
C:\Users\LLY\Documents\VSProject\KEngine\KEngine\src\Events\Event.h(1,1): warning C4828: 文件包含在偏移 0x492 处开始的字符，该字符在当前源字符集中无效(代码页 65001)。
  (编译源文件“/src/Platforms/Windows/WindowsInput.cpp”)
  
C:\Users\LLY\Documents\VSProject\KEngine\KEngine\src\Events\Event.h(1,1): warning C4828: 文件包含在偏移 0x493 处开始的字符，该字符在当前源字符集中无效(代码页 65001)。
  (编译源文件“/src/Platforms/Windows/WindowsInput.cpp”)
  
C:\Users\LLY\Documents\VSProject\KEngine\KEngine\src\Events\Event.h(1,1): warning C4828: 文件包含在偏移 0x498 处开始的字符，该字符在当前源字符集中无效(代码页 65001)。
  (编译源文件“/src/Platforms/Windows/WindowsInput.cpp”)
  
C:\Users\LLY\Documents\VSProject\KEngine\KEngine\src\Events\Event.h(1,1): warning C4828: 文件包含在偏移 0x49b 处开始的字符，该字符在当前源字符集中无效(代码页 65001)。
  (编译源文件“/src/Platforms/Windows/WindowsInput.cpp”)
  
C:\Users\LLY\Documents\VSProject\KEngine\KEngine\src\Events\Event.h(1,1): warning C4828: 文件包含在偏移 0x49c 处开始的字符，该字符在当前源字符集中无效(代码页 65001)。
  (编译源文件“/src/Platforms/Windows/WindowsInput.cpp”)
  
C:\Users\LLY\Documents\VSProject\KEngine\KEngine\src\Events\Event.h(1,1): warning C4828: 文件包含在偏移 0x49e 处开始的字符，该字符在当前源字符集中无效(代码页 65001)。
  (编译源文件“/src/Platforms/Windows/WindowsInput.cpp”)
  
C:\Users\LLY\Documents\VSProject\KEngine\KEngine\src\Events\Event.h(1,1): warning C4828: 文件包含在偏移 0x49f 处开始的字符，该字符在当前源字符集中无效(代码页 65001)。
  (编译源文件“/src/Platforms/Windows/WindowsInput.cpp”)
  
C:\Users\LLY\Documents\VSProject\KEngine\KEngine\src\Events\Event.h(1,1): warning C4828: 文件包含在偏移 0x4a2 处开始的字符，该字符在当前源字符集中无效(代码页 65001)。
  (编译源文件“/src/Platforms/Windows/WindowsInput.cpp”)
  
C:\Users\LLY\Documents\VSProject\KEngine\KEngine\src\Events\Event.h(1,1): warning C4828: 文件包含在偏移 0x4a3 处开始的字符，该字符在当前源字符集中无效(代码页 65001)。
  (编译源文件“/src/Platforms/Windows/WindowsInput.cpp”)
  
C:\Users\LLY\Documents\VSProject\KEngine\KEngine\src\Events\Event.h(1,1): warning C4828: 文件包含在偏移 0x4a6 处开始的字符，该字符在当前源字符集中无效(代码页 65001)。
  (编译源文件“/src/Platforms/Windows/WindowsInput.cpp”)
  
C:\Users\LLY\Documents\VSProject\KEngine\KEngine\src\Events\Event.h(1,1): warning C4828: 文件包含在偏移 0x4a8 处开始的字符，该字符在当前源字符集中无效(代码页 65001)。
  (编译源文件“/src/Platforms/Windows/WindowsInput.cpp”)
  
C:\Users\LLY\Documents\VSProject\KEngine\KEngine\src\Events\Event.h(1,1): warning C4828: 文件包含在偏移 0x4aa 处开始的字符，该字符在当前源字符集中无效(代码页 65001)。
  (编译源文件“/src/Platforms/Windows/WindowsInput.cpp”)
  
C:\Users\LLY\Documents\VSProject\KEngine\KEngine\src\Events\Event.h(1,1): warning C4828: 文件包含在偏移 0x4ab 处开始的字符，该字符在当前源字符集中无效(代码页 65001)。
  (编译源文件“/src/Platforms/Windows/WindowsInput.cpp”)
  
C:\Users\LLY\Documents\VSProject\KEngine\KEngine\src\Events\Event.h(1,1): warning C4828: 文件包含在偏移 0x4ac 处开始的字符，该字符在当前源字符集中无效(代码页 65001)。
  (编译源文件“/src/Platforms/Windows/WindowsInput.cpp”)
  
C:\Users\LLY\Documents\VSProject\KEngine\KEngine\src\Events\Event.h(1,1): warning C4828: 文件包含在偏移 0x4ad 处开始的字符，该字符在当前源字符集中无效(代码页 65001)。
  (编译源文件“/src/Platforms/Windows/WindowsInput.cpp”)
  
C:\Users\LLY\Documents\VSProject\KEngine\KEngine\src\Events\Event.h(1,1): warning C4828: 文件包含在偏移 0x4b1 处开始的字符，该字符在当前源字符集中无效(代码页 65001)。
  (编译源文件“/src/Platforms/Windows/WindowsInput.cpp”)
  
C:\Users\LLY\Documents\VSProject\KEngine\KEngine\src\Events\Event.h(1,1): warning C4828: 文件包含在偏移 0x54a 处开始的字符，该字符在当前源字符集中无效(代码页 65001)。
  (编译源文件“/src/Platforms/Windows/WindowsInput.cpp”)
  
C:\Users\LLY\Documents\VSProject\KEngine\KEngine\src\Events\Event.h(1,1): warning C4828: 文件包含在偏移 0x54c 处开始的字符，该字符在当前源字符集中无效(代码页 65001)。
  (编译源文件“/src/Platforms/Windows/WindowsInput.cpp”)
  
C:\Users\LLY\Documents\VSProject\KEngine\KEngine\src\Events\Event.h(1,1): warning C4828: 文件包含在偏移 0x54d 处开始的字符，该字符在当前源字符集中无效(代码页 65001)。
  (编译源文件“/src/Platforms/Windows/WindowsInput.cpp”)
  
C:\Users\LLY\Documents\VSProject\KEngine\KEngine\src\Events\Event.h(1,1): warning C4828: 文件包含在偏移 0x556 处开始的字符，该字符在当前源字符集中无效(代码页 65001)。
  (编译源文件“/src/Platforms/Windows/WindowsInput.cpp”)
  
C:\Users\LLY\Documents\VSProject\KEngine\KEngine\src\Events\Event.h(1,1): warning C4828: 文件包含在偏移 0x558 处开始的字符，该字符在当前源字符集中无效(代码页 65001)。
  (编译源文件“/src/Platforms/Windows/WindowsInput.cpp”)
  
C:\Users\LLY\Documents\VSProject\KEngine\KEngine\src\Events\Event.h(1,1): warning C4828: 文件包含在偏移 0x55a 处开始的字符，该字符在当前源字符集中无效(代码页 65001)。
  (编译源文件“/src/Platforms/Windows/WindowsInput.cpp”)
  
C:\Users\LLY\Documents\VSProject\KEngine\KEngine\src\Events\Event.h(1,1): warning C4828: 文件包含在偏移 0x55c 处开始的字符，该字符在当前源字符集中无效(代码页 65001)。
  (编译源文件“/src/Platforms/Windows/WindowsInput.cpp”)
  
C:\Users\LLY\Documents\VSProject\KEngine\KEngine\src\Events\Event.h(1,1): warning C4828: 文件包含在偏移 0x55d 处开始的字符，该字符在当前源字符集中无效(代码页 65001)。
  (编译源文件“/src/Platforms/Windows/WindowsInput.cpp”)
  
C:\Users\LLY\Documents\VSProject\KEngine\KEngine\src\Events\Event.h(1,1): warning C4828: 文件包含在偏移 0x6e0 处开始的字符，该字符在当前源字符集中无效(代码页 65001)。
  (编译源文件“/src/Platforms/Windows/WindowsInput.cpp”)
  
C:\Users\LLY\Documents\VSProject\KEngine\KEngine\src\Events\Event.h(1,1): warning C4828: 文件包含在偏移 0x6e2 处开始的字符，该字符在当前源字符集中无效(代码页 65001)。
  (编译源文件“/src/Platforms/Windows/WindowsInput.cpp”)
  
C:\Users\LLY\Documents\VSProject\KEngine\KEngine\src\Events\Event.h(1,1): warning C4828: 文件包含在偏移 0x6e3 处开始的字符，该字符在当前源字符集中无效(代码页 65001)。
  (编译源文件“/src/Platforms/Windows/WindowsInput.cpp”)
  
C:\Users\LLY\Documents\VSProject\KEngine\KEngine\src\Events\Event.h(1,1): warning C4828: 文件包含在偏移 0x6ea 处开始的字符，该字符在当前源字符集中无效(代码页 65001)。
  (编译源文件“/src/Platforms/Windows/WindowsInput.cpp”)
  
C:\Users\LLY\Documents\VSProject\KEngine\KEngine\src\Events\Event.h(1,1): warning C4828: 文件包含在偏移 0x6eb 处开始的字符，该字符在当前源字符集中无效(代码页 65001)。
  (编译源文件“/src/Platforms/Windows/WindowsInput.cpp”)
  
C:\Users\LLY\Documents\VSProject\KEngine\KEngine\src\Events\Event.h(1,1): warning C4828: 文件包含在偏移 0x6ee 处开始的字符，该字符在当前源字符集中无效(代码页 65001)。
  (编译源文件“/src/Platforms/Windows/WindowsInput.cpp”)
  
C:\Users\LLY\Documents\VSProject\KEngine\KEngine\src\Events\Event.h(1,1): warning C4828: 文件包含在偏移 0x6f0 处开始的字符，该字符在当前源字符集中无效(代码页 65001)。
  (编译源文件“/src/Platforms/Windows/WindowsInput.cpp”)
  
C:\Users\LLY\Documents\VSProject\KEngine\KEngine\src\Events\Event.h(1,1): warning C4828: 文件包含在偏移 0x6f1 处开始的字符，该字符在当前源字符集中无效(代码页 65001)。
  (编译源文件“/src/Platforms/Windows/WindowsInput.cpp”)
  
C:\Users\LLY\Documents\VSProject\KEngine\KEngine\src\Events\Event.h(1,1): warning C4828: 文件包含在偏移 0x6f6 处开始的字符，该字符在当前源字符集中无效(代码页 65001)。
  (编译源文件“/src/Platforms/Windows/WindowsInput.cpp”)
  
C:\Users\LLY\Documents\VSProject\KEngine\KEngine\src\Events\Event.h(1,1): warning C4828: 文件包含在偏移 0x6f7 处开始的字符，该字符在当前源字符集中无效(代码页 65001)。
  (编译源文件“/src/Platforms/Windows/WindowsInput.cpp”)
  
C:\Users\LLY\Documents\VSProject\KEngine\KEngine\src\Events\Event.h(1,1): warning C4828: 文件包含在偏移 0x6f8 处开始的字符，该字符在当前源字符集中无效(代码页 65001)。
  (编译源文件“/src/Platforms/Windows/WindowsInput.cpp”)
  
C:\Users\LLY\Documents\VSProject\KEngine\KEngine\src\Events\Event.h(1,1): warning C4828: 文件包含在偏移 0x6fa 处开始的字符，该字符在当前源字符集中无效(代码页 65001)。
  (编译源文件“/src/Platforms/Windows/WindowsInput.cpp”)
  
C:\Users\LLY\Documents\VSProject\KEngine\KEngine\src\Events\Event.h(1,1): warning C4828: 文件包含在偏移 0x6fc 处开始的字符，该字符在当前源字符集中无效(代码页 65001)。
  (编译源文件“/src/Platforms/Windows/WindowsInput.cpp”)
  
C:\Users\LLY\Documents\VSProject\KEngine\KEngine\src\Events\Event.h(1,1): warning C4828: 文件包含在偏移 0x6fd 处开始的字符，该字符在当前源字符集中无效(代码页 65001)。
  (编译源文件“/src/Platforms/Windows/WindowsInput.cpp”)
  
C:\Users\LLY\Documents\VSProject\KEngine\KEngine\src\Events\Event.h(1,1): warning C4828: 文件包含在偏移 0x6fe 处开始的字符，该字符在当前源字符集中无效(代码页 65001)。
  (编译源文件“/src/Platforms/Windows/WindowsInput.cpp”)
  
C:\Users\LLY\Documents\VSProject\KEngine\KEngine\src\Events\Event.h(1,1): warning C4828: 文件包含在偏移 0x700 处开始的字符，该字符在当前源字符集中无效(代码页 65001)。
  (编译源文件“/src/Platforms/Windows/WindowsInput.cpp”)
  
C:\Users\LLY\Documents\VSProject\KEngine\KEngine\src\Events\Event.h(1,1): warning C4828: 文件包含在偏移 0x703 处开始的字符，该字符在当前源字符集中无效(代码页 65001)。
  (编译源文件“/src/Platforms/Windows/WindowsInput.cpp”)
  
C:\Users\LLY\Documents\VSProject\KEngine\KEngine\src\Events\Event.h(1,1): warning C4828: 文件包含在偏移 0x707 处开始的字符，该字符在当前源字符集中无效(代码页 65001)。
  (编译源文件“/src/Platforms/Windows/WindowsInput.cpp”)
  
C:\Users\LLY\Documents\VSProject\KEngine\KEngine\src\Events\Event.h(1,1): warning C4828: 文件包含在偏移 0x708 处开始的字符，该字符在当前源字符集中无效(代码页 65001)。
  (编译源文件“/src/Platforms/Windows/WindowsInput.cpp”)
  
C:\Users\LLY\Documents\VSProject\KEngine\KEngine\src\Events\Event.h(1,1): warning C4828: 文件包含在偏移 0x709 处开始的字符，该字符在当前源字符集中无效(代码页 65001)。
  (编译源文件“/src/Platforms/Windows/WindowsInput.cpp”)
  
C:\Users\LLY\Documents\VSProject\KEngine\KEngine\src\Events\Event.h(1,1): warning C4828: 文件包含在偏移 0x769 处开始的字符，该字符在当前源字符集中无效(代码页 65001)。
  (编译源文件“/src/Platforms/Windows/WindowsInput.cpp”)
  
C:\Users\LLY\Documents\VSProject\KEngine\KEngine\src\Events\Event.h(1,1): warning C4828: 文件包含在偏移 0x76b 处开始的字符，该字符在当前源字符集中无效(代码页 65001)。
  (编译源文件“/src/Platforms/Windows/WindowsInput.cpp”)
  
C:\Users\LLY\Documents\VSProject\KEngine\KEngine\src\Events\Event.h(1,1): warning C4828: 文件包含在偏移 0x76c 处开始的字符，该字符在当前源字符集中无效(代码页 65001)。
  (编译源文件“/src/Platforms/Windows/WindowsInput.cpp”)
  
C:\Users\LLY\Documents\VSProject\KEngine\KEngine\src\Events\Event.h(1,1): warning C4828: 文件包含在偏移 0x76f 处开始的字符，该字符在当前源字符集中无效(代码页 65001)。
  (编译源文件“/src/Platforms/Windows/WindowsInput.cpp”)
  
C:\Users\LLY\Documents\VSProject\KEngine\KEngine\src\Events\Event.h(1,1): warning C4828: 文件包含在偏移 0x773 处开始的字符，该字符在当前源字符集中无效(代码页 65001)。
  (编译源文件“/src/Platforms/Windows/WindowsInput.cpp”)
  
C:\Users\LLY\Documents\VSProject\KEngine\KEngine\src\Events\Event.h(1,1): warning C4828: 文件包含在偏移 0x774 处开始的字符，该字符在当前源字符集中无效(代码页 65001)。
  (编译源文件“/src/Platforms/Windows/WindowsInput.cpp”)
  
C:\Users\LLY\Documents\VSProject\KEngine\KEngine\src\Events\Event.h(1,1): warning C4828: 文件包含在偏移 0x778 处开始的字符，该字符在当前源字符集中无效(代码页 65001)。
  (编译源文件“/src/Platforms/Windows/WindowsInput.cpp”)
  
C:\Users\LLY\Documents\VSProject\KEngine\KEngine\src\Layer.h(24,15): warning C4251: “KEngine::Layer::m_DebugName”:“std::basic_string<char,std::char_traits<char>,std::allocator<char>>”需要有 dll 接口以供“KEngine::Layer”的客户端使用
  (编译源文件“/src/Platforms/Windows/WindowsInput.cpp”)
      C:\Program Files\Microsoft Visual Studio\2022\Community\VC\Tools\MSVC\14.44.35207\include\xstring(541,7):
      参见“std::basic_string<char,std::char_traits<char>,std::allocator<char>>”的声明
  
C:\Users\LLY\Documents\VSProject\KEngine\KEngine\src\LayerStack.h(22,23): warning C4251: “KEngine::LayerStack::m_Layers”:“std::vector<KEngine::Layer *,std::allocator<KEngine::Layer *>>”需要有 dll 接口以供“KEngine::LayerStack”的客户端使用
  (编译源文件“/src/Platforms/Windows/WindowsInput.cpp”)
      C:\Program Files\Microsoft Visual Studio\2022\Community\VC\Tools\MSVC\14.44.35207\include\vector(442,7):
      参见“std::vector<KEngine::Layer *,std::allocator<KEngine::Layer *>>”的声明
  
C:\Users\LLY\Documents\VSProject\KEngine\KEngine\src\Log.h(13,42): warning C4251: “KEngine::Log::s_CoreLogger”:“std::shared_ptr<spdlog::logger>”需要有 dll 接口以供“KEngine::Log”的客户端使用
  (编译源文件“/src/Platforms/Windows/WindowsInput.cpp”)
      C:\Program Files\Microsoft Visual Studio\2022\Community\VC\Tools\MSVC\14.44.35207\include\memory(1565,7):
      参见“std::shared_ptr<spdlog::logger>”的声明
  
C:\Users\LLY\Documents\VSProject\KEngine\KEngine\src\Log.h(14,42): warning C4251: “KEngine::Log::s_ClientLogger”:“std::shared_ptr<spdlog::logger>”需要有 dll 接口以供“KEngine::Log”的客户端使用
  (编译源文件“/src/Platforms/Windows/WindowsInput.cpp”)
      C:\Program Files\Microsoft Visual Studio\2022\Community\VC\Tools\MSVC\14.44.35207\include\memory(1565,7):
      参见“std::shared_ptr<spdlog::logger>”的声明
  
C:\Users\LLY\Documents\VSProject\KEngine\KEngine\src\Application.h(20,27): warning C4251: “KEngine::Application::m_Window”:“std::unique_ptr<KEngine::Window,std::default_delete<KEngine::Window>>”需要有 dll 接口以供“KEngine::Application”的客户端使用
  (编译源文件“/src/Platforms/Windows/WindowsInput.cpp”)
      C:\Program Files\Microsoft Visual Studio\2022\Community\VC\Tools\MSVC\14.44.35207\include\memory(3347,7):
      参见“std::unique_ptr<KEngine::Window,std::default_delete<KEngine::Window>>”的声明
  
C:\Users\LLY\Documents\VSProject\KEngine\KEngine\src\Application.h(47,29): warning C4251: “KEngine::Application::timeStep”:“std::unique_ptr<KEngine::TimeStep,std::default_delete<KEngine::TimeStep>>”需要有 dll 接口以供“KEngine::Application”的客户端使用
  (编译源文件“/src/Platforms/Windows/WindowsInput.cpp”)
      C:\Program Files\Microsoft Visual Studio\2022\Community\VC\Tools\MSVC\14.44.35207\include\memory(3347,7):
      参见“std::unique_ptr<KEngine::TimeStep,std::default_delete<KEngine::TimeStep>>”的声明
  
C:\Program Files\Microsoft Visual Studio\2022\Community\VC\Tools\MSVC\14.44.35207\include\utility(274,16): warning C4244: “初始化”: 从“double”转换到“_Ty1”，可能丢失数据
C:\Program Files\Microsoft Visual Studio\2022\Community\VC\Tools\MSVC\14.44.35207\include\utility(274,16): warning C4244:         with
C:\Program Files\Microsoft Visual Studio\2022\Community\VC\Tools\MSVC\14.44.35207\include\utility(274,16): warning C4244:         [
C:\Program Files\Microsoft Visual Studio\2022\Community\VC\Tools\MSVC\14.44.35207\include\utility(274,16): warning C4244:             _Ty1=float
C:\Program Files\Microsoft Visual Studio\2022\Community\VC\Tools\MSVC\14.44.35207\include\utility(274,16): warning C4244:         ]
  (编译源文件“/src/Platforms/Windows/WindowsInput.cpp”)
      C:\Program Files\Microsoft Visual Studio\2022\Community\VC\Tools\MSVC\14.44.35207\include\utility(274,16):
      模板实例化上下文(最早的实例化上下文)为
          C:\Users\LLY\Documents\VSProject\KEngine\KEngine\src\Platforms\Windows\WindowsInput.cpp(28,9):
          查看对正在编译的函数 模板 实例化“std::pair<float,float>::pair<double&,double&,0>(_Other1,_Other2) noexcept”的引用
          with
          [
              _Other1=double &,
              _Other2=double &
          ]
              C:\Users\LLY\Documents\VSProject\KEngine\KEngine\src\Platforms\Windows\WindowsInput.cpp(28,9):
              请参阅 "KEngine::WindowsInput::GetMousePositionImpl" 中对 "std::pair<float,float>::pair" 的第一个引用
  
C:\Program Files\Microsoft Visual Studio\2022\Community\VC\Tools\MSVC\14.44.35207\include\utility(274,54): warning C4244: “初始化”: 从“double”转换到“_Ty2”，可能丢失数据
C:\Program Files\Microsoft Visual Studio\2022\Community\VC\Tools\MSVC\14.44.35207\include\utility(274,54): warning C4244:         with
C:\Program Files\Microsoft Visual Studio\2022\Community\VC\Tools\MSVC\14.44.35207\include\utility(274,54): warning C4244:         [
C:\Program Files\Microsoft Visual Studio\2022\Community\VC\Tools\MSVC\14.44.35207\include\utility(274,54): warning C4244:             _Ty2=float
C:\Program Files\Microsoft Visual Studio\2022\Community\VC\Tools\MSVC\14.44.35207\include\utility(274,54): warning C4244:         ]
  (编译源文件“/src/Platforms/Windows/WindowsInput.cpp”)
  
  Buffer.cpp
C:\Users\LLY\Documents\VSProject\KEngine\KEngine\src\Log.h(13,42): warning C4251: “KEngine::Log::s_CoreLogger”:“std::shared_ptr<spdlog::logger>”需要有 dll 接口以供“KEngine::Log”的客户端使用
  (编译源文件“/src/Renderer/Buffer.cpp”)
      C:\Program Files\Microsoft Visual Studio\2022\Community\VC\Tools\MSVC\14.44.35207\include\memory(1565,7):
      参见“std::shared_ptr<spdlog::logger>”的声明
  
C:\Users\LLY\Documents\VSProject\KEngine\KEngine\src\Log.h(14,42): warning C4251: “KEngine::Log::s_ClientLogger”:“std::shared_ptr<spdlog::logger>”需要有 dll 接口以供“KEngine::Log”的客户端使用
  (编译源文件“/src/Renderer/Buffer.cpp”)
      C:\Program Files\Microsoft Visual Studio\2022\Community\VC\Tools\MSVC\14.44.35207\include\memory(1565,7):
      参见“std::shared_ptr<spdlog::logger>”的声明
  
C:\Users\LLY\Documents\VSProject\KEngine\KEngine\src\Platforms\OpenGL\OpenGLBuffer.h(16,16): warning C4251: “KEngine::OpenGLVertexBuffer::m_Layout”:“KEngine::BufferLayout”需要有 dll 接口以供“KEngine::OpenGLVertexBuffer”的客户端使用
  (编译源文件“/src/Renderer/Buffer.cpp”)
      C:\Users\LLY\Documents\VSProject\KEngine\KEngine\src\Renderer\Buffer.h(61,11):
      参见“KEngine::BufferLayout”的声明
  
  Camera.cpp
C:\Users\LLY\Documents\VSProject\KEngine\KEngine\src\Renderer\Camera.h(26,13): warning C4251: “KEngine::Camera::position”:“glm::vec<3,float,glm::packed_highp>”需要有 dll 接口以供“KEngine::Camera”的客户端使用
  (编译源文件“/src/Renderer/Camera.cpp”)
      C:\Users\LLY\Documents\VSProject\KEngine\KEngine\vendor\glm\glm\detail\type_vec3.hpp(17,9):
      参见“glm::vec<3,float,glm::packed_highp>”的声明
  
C:\Users\LLY\Documents\VSProject\KEngine\KEngine\src\Renderer\Camera.h(30,13): warning C4251: “KEngine::Camera::viewMatrix”:“glm::mat<4,4,glm::f32,glm::packed_highp>”需要有 dll 接口以供“KEngine::Camera”的客户端使用
  (编译源文件“/src/Renderer/Camera.cpp”)
      C:\Users\LLY\Documents\VSProject\KEngine\KEngine\vendor\glm\glm\detail\type_mat4x4.hpp(13,9):
      参见“glm::mat<4,4,glm::f32,glm::packed_highp>”的声明
  
  Renderer.cpp
C:\Users\LLY\Documents\VSProject\KEngine\KEngine\src\Log.h(13,42): warning C4251: “KEngine::Log::s_CoreLogger”:“std::shared_ptr<spdlog::logger>”需要有 dll 接口以供“KEngine::Log”的客户端使用
  (编译源文件“/src/Renderer/Renderer.cpp”)
      C:\Program Files\Microsoft Visual Studio\2022\Community\VC\Tools\MSVC\14.44.35207\include\memory(1565,7):
      参见“std::shared_ptr<spdlog::logger>”的声明
  
C:\Users\LLY\Documents\VSProject\KEngine\KEngine\src\Log.h(14,42): warning C4251: “KEngine::Log::s_ClientLogger”:“std::shared_ptr<spdlog::logger>”需要有 dll 接口以供“KEngine::Log”的客户端使用
  (编译源文件“/src/Renderer/Renderer.cpp”)
      C:\Program Files\Microsoft Visual Studio\2022\Community\VC\Tools\MSVC\14.44.35207\include\memory(1565,7):
      参见“std::shared_ptr<spdlog::logger>”的声明
  
  Shader.cpp
C:\Users\LLY\Documents\VSProject\KEngine\KEngine\src\log.h(13,42): warning C4251: “KEngine::Log::s_CoreLogger”:“std::shared_ptr<spdlog::logger>”需要有 dll 接口以供“KEngine::Log”的客户端使用
  (编译源文件“/src/Renderer/Shader.cpp”)
      C:\Program Files\Microsoft Visual Studio\2022\Community\VC\Tools\MSVC\14.44.35207\include\memory(1565,7):
      参见“std::shared_ptr<spdlog::logger>”的声明
  
C:\Users\LLY\Documents\VSProject\KEngine\KEngine\src\log.h(14,42): warning C4251: “KEngine::Log::s_ClientLogger”:“std::shared_ptr<spdlog::logger>”需要有 dll 接口以供“KEngine::Log”的客户端使用
  (编译源文件“/src/Renderer/Shader.cpp”)
      C:\Program Files\Microsoft Visual Studio\2022\Community\VC\Tools\MSVC\14.44.35207\include\memory(1565,7):
      参见“std::shared_ptr<spdlog::logger>”的声明
  
  VertexArray.cpp
C:\Users\LLY\Documents\VSProject\KEngine\KEngine\src\Log.h(13,42): warning C4251: “KEngine::Log::s_CoreLogger”:“std::shared_ptr<spdlog::logger>”需要有 dll 接口以供“KEngine::Log”的客户端使用
  (编译源文件“/src/Renderer/VertexArray.cpp”)
      C:\Program Files\Microsoft Visual Studio\2022\Community\VC\Tools\MSVC\14.44.35207\include\memory(1565,7):
      参见“std::shared_ptr<spdlog::logger>”的声明
  
C:\Users\LLY\Documents\VSProject\KEngine\KEngine\src\Log.h(14,42): warning C4251: “KEngine::Log::s_ClientLogger”:“std::shared_ptr<spdlog::logger>”需要有 dll 接口以供“KEngine::Log”的客户端使用
  (编译源文件“/src/Renderer/VertexArray.cpp”)
      C:\Program Files\Microsoft Visual Studio\2022\Community\VC\Tools\MSVC\14.44.35207\include\memory(1565,7):
      参见“std::shared_ptr<spdlog::logger>”的声明
  
C:\Users\LLY\Documents\VSProject\KEngine\KEngine\src\Platforms\OpenGL\OpenGLVertexArray.h(24,46): warning C4251: “KEngine::OpenGLVertexArray::m_VertexBuffers”:“std::vector<std::shared_ptr<KEngine::VertexBuffer>,std::allocator<std::shared_ptr<KEngine::VertexBuffer>>>”需要有 dll 接口以供“KEngine::OpenGLVertexArray”的客户端使用
  (编译源文件“/src/Renderer/VertexArray.cpp”)
      C:\Program Files\Microsoft Visual Studio\2022\Community\VC\Tools\MSVC\14.44.35207\include\vector(442,7):
      参见“std::vector<std::shared_ptr<KEngine::VertexBuffer>,std::allocator<std::shared_ptr<KEngine::VertexBuffer>>>”的声明
  
C:\Users\LLY\Documents\VSProject\KEngine\KEngine\src\Platforms\OpenGL\OpenGLVertexArray.h(25,32): warning C4251: “KEngine::OpenGLVertexArray::m_IndexBuffer”:“std::shared_ptr<KEngine::IndexBuffer>”需要有 dll 接口以供“KEngine::OpenGLVertexArray”的客户端使用
  (编译源文件“/src/Renderer/VertexArray.cpp”)
      C:\Program Files\Microsoft Visual Studio\2022\Community\VC\Tools\MSVC\14.44.35207\include\memory(1565,7):
      参见“std::shared_ptr<KEngine::IndexBuffer>”的声明
  
  正在生成代码...
    正在创建库 ..\bin\Debug-windows-x86_64\KEngine\KEngine.lib 和对象 ..\bin\Debug-windows-x86_64\KEngine\KEngine.exp
LINK : warning LNK4098: 默认库“LIBCMT”与其他库的使用冲突；请使用 /NODEFAULTLIB:library
  KEngine.vcxproj -> C:\Users\LLY\Documents\VSProject\KEngine\bin\Debug-windows-x86_64\KEngine\KEngine.dll
